Starting net.minecraft.server.Main
[06:28:20] [ServerMain/INFO]: Environment: Environment[sessionHost=https://sessionserver.mojang.com, servicesHost=https://api.minecraftservices.com, profilesHost=https://api.mojang.com, name=PROD]
[06:28:20] [ServerMain/INFO]: Loaded 1470 recipes
[06:28:20] [ServerMain/INFO]: Loaded 1584 advancements
[06:28:20] [Server thread/INFO]: Starting minecraft server version 1.21.11
[06:28:20] [Server thread/INFO]: Loading properties
[06:28:20] [Server thread/INFO]: Default game type: CREATIVE
[06:28:20] [Server thread/INFO]: Generating keypair
[06:28:20] [Server thread/INFO]: Starting Minecraft server on 127.0.0.1:25575
[06:28:20] [Server thread/WARN]: **** SERVER IS RUNNING IN OFFLINE/INSECURE MODE!
[06:28:20] [Server thread/WARN]: The server will make no attempt to authenticate usernames. Beware.
[06:28:20] [Server thread/WARN]: While this makes the game possible to play without internet access, it also opens up the ability for hackers to connect with any username they choose.
[06:28:20] [Server thread/WARN]: To change this, set "online-mode" to "true" in the server.properties file.
[06:28:20] [Server thread/INFO]: Preparing level "world"
[06:28:20] [Server thread/INFO]: Loading 0 persistent chunks...
[06:28:20] [Server thread/INFO]: Preparing spawn area: 100%
[06:28:20] [Server thread/INFO]: Time elapsed: 13 ms
[06:28:20] [Server thread/INFO]: Done (0.174s)! For help, type "help"
[06:28:22] [Server thread/INFO]: Marked chunk [-139, -29] in minecraft:overworld to be force loaded
[06:28:22] [Server thread/INFO]: Marked chunk [-139, -28] in minecraft:overworld to be force loaded
[06:28:22] [Server thread/INFO]: Marked chunk [-139, -27] in minecraft:overworld to be force loaded
[06:28:22] [Server thread/INFO]: Marked chunk [-138, -31] in minecraft:overworld to be force loaded
[06:28:22] [Server thread/INFO]: Marked chunk [-138, -30] in minecraft:overworld to be force loaded
[06:28:22] [Server thread/INFO]: Marked chunk [-138, -29] in minecraft:overworld to be force loaded
[06:28:22] [Server thread/INFO]: Marked chunk [-138, -28] in minecraft:overworld to be force loaded
[06:28:22] [Server thread/INFO]: Marked chunk [-138, -27] in minecraft:overworld to be force loaded
[06:28:22] [Server thread/INFO]: Marked chunk [-137, -31] in minecraft:overworld to be force loaded
[06:28:22] [Server thread/INFO]: Marked chunk [-137, -29] in minecraft:overworld to be force loaded
[06:28:22] [Server thread/INFO]: Marked chunk [-137, -27] in minecraft:overworld to be force loaded
[06:28:22] [Server thread/INFO]: Marked chunk [-136, -31] in minecraft:overworld to be force loaded
[06:28:22] [Server thread/INFO]: Marked chunk [-136, -29] in minecraft:overworld to be force loaded
[06:28:22] [Server thread/INFO]: Marked chunk [-136, -28] in minecraft:overworld to be force loaded
[06:28:22] [Server thread/INFO]: Marked chunk [-136, -27] in minecraft:overworld to be force loaded
[06:28:22] [Server thread/INFO]: Marked chunk [-135, -31] in minecraft:overworld to be force loaded
[06:28:22] [Server thread/INFO]: Marked chunk [-135, -29] in minecraft:overworld to be force loaded
[06:28:22] [Server thread/INFO]: Marked chunk [-135, -27] in minecraft:overworld to be force loaded
[06:28:22] [Server thread/INFO]: Marked chunk [-135, -26] in minecraft:overworld to be force loaded
[06:28:22] [Server thread/INFO]: Marked chunk [-134, -31] in minecraft:overworld to be force loaded
[06:28:22] [Server thread/INFO]: Marked chunk [-134, -30] in minecraft:overworld to be force loaded
[06:28:22] [Server thread/INFO]: Marked chunk [-134, -29] in minecraft:overworld to be force loaded
[06:28:22] [Server thread/INFO]: Marked chunk [-134, -28] in minecraft:overworld to be force loaded
[06:28:22] [Server thread/INFO]: Marked chunk [-134, -26] in minecraft:overworld to be force loaded
[06:28:22] [Server thread/INFO]: Marked chunk [-134, -25] in minecraft:overworld to be force loaded
[06:28:22] [Server thread/INFO]: Marked chunk [-133, -29] in minecraft:overworld to be force loaded
[06:28:22] [Server thread/INFO]: Marked chunk [-133, -28] in minecraft:overworld to be force loaded
[06:28:22] [Server thread/INFO]: Marked chunk [-133, -27] in minecraft:overworld to be force loaded
[06:28:22] [Server thread/INFO]: Marked chunk [-131, 25] in minecraft:overworld to be force loaded
[06:28:22] [Server thread/INFO]: Marked chunk [-131, 26] in minecraft:overworld to be force loaded
[06:28:22] [Server thread/INFO]: Marked chunk [-130, 25] in minecraft:overworld to be force loaded
[06:28:22] [Server thread/INFO]: Marked chunk [-130, 26] in minecraft:overworld to be force loaded
[06:28:23] [Server thread/INFO]: Marked chunk [-129, 23] in minecraft:overworld to be force loaded
[06:28:23] [Server thread/INFO]: Marked chunk [-129, 25] in minecraft:overworld to be force loaded
[06:28:23] [Server thread/INFO]: Marked chunk [-129, 26] in minecraft:overworld to be force loaded
[06:28:23] [Server thread/INFO]: Marked chunk [-129, 27] in minecraft:overworld to be force loaded
[06:28:23] [Server thread/INFO]: Marked chunk [-129, 28] in minecraft:overworld to be force loaded
[06:28:23] [Server thread/INFO]: Marked chunk [-128, 23] in minecraft:overworld to be force loaded
[06:28:23] [Server thread/INFO]: Marked chunk [-128, 24] in minecraft:overworld to be force loaded
[06:28:23] [Server thread/INFO]: Marked chunk [-128, 26] in minecraft:overworld to be force loaded
[06:28:23] [Server thread/INFO]: Marked chunk [-128, 28] in minecraft:overworld to be force loaded
[06:28:23] [Server thread/INFO]: Marked chunk [-127, 24] in minecraft:overworld to be force loaded
[06:28:23] [Server thread/INFO]: Marked chunk [-127, 25] in minecraft:overworld to be force loaded
[06:28:23] [Server thread/INFO]: Marked chunk [-127, 26] in minecraft:overworld to be force loaded
[06:28:23] [Server thread/INFO]: Marked chunk [-127, 28] in minecraft:overworld to be force loaded
[06:28:23] [Server thread/INFO]: Marked chunk [-126, 24] in minecraft:overworld to be force loaded
[06:28:23] [Server thread/INFO]: Marked chunk [-126, 26] in minecraft:overworld to be force loaded
[06:28:23] [Server thread/INFO]: Marked chunk [-126, 28] in minecraft:overworld to be force loaded
[06:28:23] [Server thread/INFO]: Marked chunk [-125, 24] in minecraft:overworld to be force loaded
[06:28:23] [Server thread/INFO]: Marked chunk [-125, 25] in minecraft:overworld to be force loaded
[06:28:23] [Server thread/INFO]: Marked chunk [-125, 26] in minecraft:overworld to be force loaded
[06:28:23] [Server thread/INFO]: Marked chunk [-125, 27] in minecraft:overworld to be force loaded
[06:28:23] [Server thread/INFO]: Marked chunk [-125, 28] in minecraft:overworld to be force loaded
[06:28:23] [Server thread/INFO]: Marked chunk [-124, 24] in minecraft:overworld to be force loaded
[06:28:24] [Server thread/INFO]: Marked chunk [-124, 25] in minecraft:overworld to be force loaded
[06:28:24] [Server thread/INFO]: Marked chunk [-124, 26] in minecraft:overworld to be force loaded
[06:28:24] [Server thread/INFO]: The game is frozen
[06:28:24] [Server thread/INFO]: [Not Secure] [Server] TASK_B_LOADED_-139_-29
[06:28:24] [Server thread/INFO]: [Not Secure] [Server] TASK_B_LOADED_-139_-28
[06:28:24] [Server thread/INFO]: [Not Secure] [Server] TASK_B_LOADED_-139_-27
[06:28:24] [Server thread/INFO]: [Not Secure] [Server] TASK_B_LOADED_-138_-31
[06:28:24] [Server thread/INFO]: [Not Secure] [Server] TASK_B_LOADED_-138_-30
[06:28:24] [Server thread/INFO]: [Not Secure] [Server] TASK_B_LOADED_-138_-29
[06:28:24] [Server thread/INFO]: [Not Secure] [Server] TASK_B_LOADED_-138_-28
[06:28:24] [Server thread/INFO]: [Not Secure] [Server] TASK_B_LOADED_-138_-27
[06:28:24] [Server thread/INFO]: [Not Secure] [Server] TASK_B_LOADED_-137_-31
[06:28:24] [Server thread/INFO]: [Not Secure] [Server] TASK_B_LOADED_-137_-29
[06:28:24] [Server thread/INFO]: [Not Secure] [Server] TASK_B_LOADED_-137_-27
[06:28:24] [Server thread/INFO]: [Not Secure] [Server] TASK_B_LOADED_-136_-31
[06:28:24] [Server thread/INFO]: [Not Secure] [Server] TASK_B_LOADED_-136_-29
[06:28:24] [Server thread/INFO]: [Not Secure] [Server] TASK_B_LOADED_-136_-28
[06:28:24] [Server thread/INFO]: [Not Secure] [Server] TASK_B_LOADED_-136_-27
[06:28:24] [Server thread/INFO]: [Not Secure] [Server] TASK_B_LOADED_-135_-31
[06:28:24] [Server thread/INFO]: [Not Secure] [Server] TASK_B_LOADED_-135_-29
[06:28:24] [Server thread/INFO]: [Not Secure] [Server] TASK_B_LOADED_-135_-27
[06:28:25] [Server thread/INFO]: [Not Secure] [Server] TASK_B_LOADED_-135_-26
[06:28:25] [Server thread/INFO]: [Not Secure] [Server] TASK_B_LOADED_-134_-31
[06:28:25] [Server thread/INFO]: [Not Secure] [Server] TASK_B_LOADED_-134_-30
[06:28:25] [Server thread/INFO]: [Not Secure] [Server] TASK_B_LOADED_-134_-29
[06:28:25] [Server thread/INFO]: [Not Secure] [Server] TASK_B_LOADED_-134_-28
[06:28:25] [Server thread/INFO]: [Not Secure] [Server] TASK_B_LOADED_-134_-26
[06:28:25] [Server thread/INFO]: [Not Secure] [Server] TASK_B_LOADED_-134_-25
[06:28:25] [Server thread/INFO]: [Not Secure] [Server] TASK_B_LOADED_-133_-29
[06:28:25] [Server thread/INFO]: [Not Secure] [Server] TASK_B_LOADED_-133_-28
[06:28:25] [Server thread/INFO]: [Not Secure] [Server] TASK_B_LOADED_-133_-27
[06:28:25] [Server thread/INFO]: [Not Secure] [Server] TASK_B_LOADED_-131_25
[06:28:25] [Server thread/INFO]: [Not Secure] [Server] TASK_B_LOADED_-131_26
[06:28:25] [Server thread/INFO]: [Not Secure] [Server] TASK_B_LOADED_-130_25
[06:28:25] [Server thread/INFO]: [Not Secure] [Server] TASK_B_LOADED_-130_26
[06:28:25] [Server thread/INFO]: [Not Secure] [Server] TASK_B_LOADED_-129_23
[06:28:25] [Server thread/INFO]: [Not Secure] [Server] TASK_B_LOADED_-129_25
[06:28:25] [Server thread/INFO]: [Not Secure] [Server] TASK_B_LOADED_-129_26
[06:28:25] [Server thread/INFO]: [Not Secure] [Server] TASK_B_LOADED_-129_27
[06:28:25] [Server thread/INFO]: [Not Secure] [Server] TASK_B_LOADED_-129_28
[06:28:25] [Server thread/INFO]: [Not Secure] [Server] TASK_B_LOADED_-128_23
[06:28:25] [Server thread/INFO]: [Not Secure] [Server] TASK_B_LOADED_-128_24
[06:28:26] [Server thread/INFO]: [Not Secure] [Server] TASK_B_LOADED_-128_26
[06:28:26] [Server thread/INFO]: [Not Secure] [Server] TASK_B_LOADED_-128_28
[06:28:26] [Server thread/INFO]: [Not Secure] [Server] TASK_B_LOADED_-127_24
[06:28:26] [Server thread/INFO]: [Not Secure] [Server] TASK_B_LOADED_-127_25
[06:28:26] [Server thread/INFO]: [Not Secure] [Server] TASK_B_LOADED_-127_26
[06:28:26] [Server thread/INFO]: [Not Secure] [Server] TASK_B_LOADED_-127_28
[06:28:26] [Server thread/INFO]: [Not Secure] [Server] TASK_B_LOADED_-126_24
[06:28:26] [Server thread/INFO]: [Not Secure] [Server] TASK_B_LOADED_-126_26
[06:28:26] [Server thread/INFO]: [Not Secure] [Server] TASK_B_LOADED_-126_28
[06:28:26] [Server thread/INFO]: [Not Secure] [Server] TASK_B_LOADED_-125_24
[06:28:26] [Server thread/INFO]: [Not Secure] [Server] TASK_B_LOADED_-125_25
[06:28:26] [Server thread/INFO]: [Not Secure] [Server] TASK_B_LOADED_-125_26
[06:28:26] [Server thread/INFO]: [Not Secure] [Server] TASK_B_LOADED_-125_27
[06:28:26] [Server thread/INFO]: [Not Secure] [Server] TASK_B_LOADED_-125_28
[06:28:26] [Server thread/INFO]: [Not Secure] [Server] TASK_B_LOADED_-124_24
[06:28:26] [Server thread/INFO]: [Not Secure] [Server] TASK_B_LOADED_-124_25
[06:28:26] [Server thread/INFO]: [Not Secure] [Server] TASK_B_LOADED_-124_26
[06:28:26] [Server thread/INFO]: Changed the block at -2213, 69, -460
[06:28:26] [Server thread/INFO]: Changed the block at -2213, 69, -459
[06:28:26] [Server thread/INFO]: Changed the block at -2213, 69, -458
[06:28:26] [Server thread/INFO]: Changed the block at -2213, 69, -457
[06:28:26] [Server thread/INFO]: Changed the block at -2213, 69, -456
[06:28:26] [Server thread/INFO]: Changed the block at -2213, 69, -455
[06:28:26] [Server thread/INFO]: Changed the block at -2213, 69, -454
[06:28:26] [Server thread/INFO]: Changed the block at -2213, 69, -453
[06:28:26] [Server thread/INFO]: Changed the block at -2213, 69, -452
[06:28:26] [Server thread/INFO]: Changed the block at -2213, 69, -451
[06:28:26] [Server thread/INFO]: Changed the block at -2213, 69, -450
[06:28:26] [Server thread/INFO]: Changed the block at -2213, 69, -449
[06:28:26] [Server thread/INFO]: Changed the block at -2213, 69, -448
[06:28:26] [Server thread/INFO]: Changed the block at -2213, 69, -447
[06:28:26] [Server thread/INFO]: Changed the block at -2213, 69, -446
[06:28:26] [Server thread/INFO]: Changed the block at -2213, 69, -445
[06:28:26] [Server thread/INFO]: Changed the block at -2213, 69, -444
[06:28:26] [Server thread/INFO]: Changed the block at -2213, 69, -443
[06:28:26] [Server thread/INFO]: Changed the block at -2213, 69, -442
[06:28:26] [Server thread/INFO]: Changed the block at -2213, 69, -441
[06:28:26] [Server thread/INFO]: Changed the block at -2213, 69, -440
[06:28:26] [Server thread/INFO]: Changed the block at -2213, 69, -439
[06:28:26] [Server thread/INFO]: Changed the block at -2213, 69, -438
[06:28:26] [Server thread/INFO]: Changed the block at -2213, 69, -437
[06:28:26] [Server thread/INFO]: Changed the block at -2213, 69, -436
[06:28:26] [Server thread/INFO]: Changed the block at -2213, 69, -435
[06:28:26] [Server thread/INFO]: Changed the block at -2213, 69, -434
[06:28:26] [Server thread/INFO]: Changed the block at -2213, 70, -453
[06:28:26] [Server thread/INFO]: Changed the block at -2213, 70, -449
[06:28:26] [Server thread/INFO]: Changed the block at -2213, 70, -444
[06:28:26] [Server thread/INFO]: Changed the block at -2213, 70, -435
[06:28:26] [Server thread/INFO]: Changed the block at -2213, 70, -433
[06:28:26] [Server thread/INFO]: Changed the block at -2213, 70, -432
[06:28:26] [Server thread/INFO]: Changed the block at -2213, 70, -431
[06:28:26] [Server thread/INFO]: Changed the block at -2213, 71, -430
[06:28:26] [Server thread/INFO]: Changed the block at -2213, 72, -429
[06:28:26] [Server thread/INFO]: Changed the block at -2213, 72, -428
[06:28:26] [Server thread/INFO]: Changed the block at -2213, 72, -427
[06:28:26] [Server thread/INFO]: Changed the block at -2213, 72, -426
[06:28:26] [Server thread/INFO]: Changed the block at -2213, 73, -425
[06:28:26] [Server thread/INFO]: Changed the block at -2213, 73, -424
[06:28:26] [Server thread/INFO]: Changed the block at -2213, 73, -423
[06:28:26] [Server thread/INFO]: Changed the block at -2213, 73, -422
[06:28:26] [Server thread/INFO]: Changed the block at -2213, 73, -421
[06:28:26] [Server thread/INFO]: Changed the block at -2213, 73, -420
[06:28:26] [Server thread/INFO]: Changed the block at -2213, 74, -425
[06:28:26] [Server thread/INFO]: Changed the block at -2213, 74, -424
[06:28:26] [Server thread/INFO]: Changed the block at -2213, 74, -421
[06:28:26] [Server thread/INFO]: Changed the block at -2213, 74, -420
[06:28:26] [Server thread/INFO]: Could not set the block
[06:28:26] [Server thread/INFO]: Changed the block at -2212, 69, -460
[06:28:26] [Server thread/INFO]: Changed the block at -2212, 69, -459
[06:28:26] [Server thread/INFO]: Changed the block at -2212, 69, -458
[06:28:26] [Server thread/INFO]: Changed the block at -2212, 69, -457
[06:28:26] [Server thread/INFO]: Changed the block at -2212, 69, -456
[06:28:26] [Server thread/INFO]: Changed the block at -2212, 69, -455
[06:28:26] [Server thread/INFO]: Changed the block at -2212, 69, -454
[06:28:26] [Server thread/INFO]: Changed the block at -2212, 69, -453
[06:28:26] [Server thread/INFO]: Changed the block at -2212, 69, -452
[06:28:26] [Server thread/INFO]: Changed the block at -2212, 69, -451
[06:28:26] [Server thread/INFO]: Changed the block at -2212, 69, -450
[06:28:26] [Server thread/INFO]: Changed the block at -2212, 69, -449
[06:28:26] [Server thread/INFO]: Changed the block at -2212, 69, -448
[06:28:26] [Server thread/INFO]: Changed the block at -2212, 69, -447
[06:28:26] [Server thread/INFO]: Changed the block at -2212, 69, -446
[06:28:26] [Server thread/INFO]: Changed the block at -2212, 69, -445
[06:28:26] [Server thread/INFO]: Changed the block at -2212, 69, -444
[06:28:26] [Server thread/INFO]: Changed the block at -2212, 69, -443
[06:28:26] [Server thread/INFO]: Changed the block at -2212, 69, -442
[06:28:26] [Server thread/INFO]: Changed the block at -2212, 69, -441
[06:28:26] [Server thread/INFO]: Changed the block at -2212, 69, -440
[06:28:26] [Server thread/INFO]: Changed the block at -2212, 69, -439
[06:28:26] [Server thread/INFO]: Changed the block at -2212, 69, -438
[06:28:26] [Server thread/INFO]: Changed the block at -2212, 69, -437
[06:28:26] [Server thread/INFO]: Changed the block at -2212, 69, -436
[06:28:26] [Server thread/INFO]: Changed the block at -2212, 69, -435
[06:28:26] [Server thread/INFO]: Changed the block at -2212, 70, -456
[06:28:26] [Server thread/INFO]: Changed the block at -2212, 70, -453
[06:28:26] [Server thread/INFO]: Changed the block at -2212, 70, -452
[06:28:26] [Server thread/INFO]: Changed the block at -2212, 70, -449
[06:28:26] [Server thread/INFO]: Changed the block at -2212, 70, -445
[06:28:26] [Server thread/INFO]: Changed the block at -2212, 70, -435
[06:28:26] [Server thread/INFO]: Changed the block at -2212, 70, -434
[06:28:26] [Server thread/INFO]: Changed the block at -2212, 70, -433
[06:28:26] [Server thread/INFO]: Changed the block at -2212, 70, -432
[06:28:26] [Server thread/INFO]: Changed the block at -2212, 70, -431
[06:28:26] [Server thread/INFO]: Changed the block at -2212, 70, -430
[06:28:26] [Server thread/INFO]: Could not set the block
[06:28:26] [Server thread/INFO]: Changed the block at -2212, 71, -431
[06:28:26] [Server thread/INFO]: Changed the block at -2212, 71, -430
[06:28:26] [Server thread/INFO]: Changed the block at -2212, 71, -429
[06:28:26] [Server thread/INFO]: Changed the block at -2212, 72, -429
[06:28:26] [Server thread/INFO]: Changed the block at -2212, 72, -428
[06:28:26] [Server thread/INFO]: Changed the block at -2212, 72, -427
[06:28:26] [Server thread/INFO]: Changed the block at -2212, 72, -426
[06:28:26] [Server thread/INFO]: Changed the block at -2212, 73, -427
[06:28:26] [Server thread/INFO]: Changed the block at -2212, 73, -426
[06:28:26] [Server thread/INFO]: Changed the block at -2212, 73, -425
[06:28:26] [Server thread/INFO]: Changed the block at -2212, 73, -424
[06:28:26] [Server thread/INFO]: Changed the block at -2212, 73, -423
[06:28:26] [Server thread/INFO]: Changed the block at -2212, 73, -422
[06:28:26] [Server thread/INFO]: Changed the block at -2212, 73, -421
[06:28:26] [Server thread/INFO]: Changed the block at -2212, 74, -421
[06:28:26] [Server thread/INFO]: Changed the block at -2212, 74, -420
[06:28:26] [Server thread/INFO]: Changed the block at -2211, 69, -461
[06:28:26] [Server thread/INFO]: Changed the block at -2211, 69, -460
[06:28:26] [Server thread/INFO]: Changed the block at -2211, 69, -459
[06:28:26] [Server thread/INFO]: Changed the block at -2211, 69, -458
[06:28:26] [Server thread/INFO]: Changed the block at -2211, 69, -457
[06:28:26] [Server thread/INFO]: Changed the block at -2211, 69, -456
[06:28:26] [Server thread/INFO]: Changed the block at -2211, 69, -455
[06:28:26] [Server thread/INFO]: Changed the block at -2211, 69, -454
[06:28:26] [Server thread/INFO]: Changed the block at -2211, 69, -453
[06:28:26] [Server thread/INFO]: Changed the block at -2211, 69, -452
[06:28:26] [Server thread/INFO]: Changed the block at -2211, 69, -451
[06:28:26] [Server thread/INFO]: Changed the block at -2211, 69, -450
[06:28:26] [Server thread/INFO]: Changed the block at -2211, 69, -449
[06:28:26] [Server thread/INFO]: Changed the block at -2211, 69, -448
[06:28:26] [Server thread/INFO]: Changed the block at -2211, 69, -447
[06:28:26] [Server thread/INFO]: Changed the block at -2211, 69, -446
[06:28:26] [Server thread/INFO]: Changed the block at -2211, 69, -445
[06:28:26] [Server thread/INFO]: Changed the block at -2211, 69, -444
[06:28:26] [Server thread/INFO]: Changed the block at -2211, 69, -443
[06:28:26] [Server thread/INFO]: Changed the block at -2211, 69, -442
[06:28:26] [Server thread/INFO]: Changed the block at -2211, 69, -441
[06:28:26] [Server thread/INFO]: Changed the block at -2211, 69, -440
[06:28:26] [Server thread/INFO]: Changed the block at -2211, 69, -439
[06:28:26] [Server thread/INFO]: Changed the block at -2211, 69, -438
[06:28:26] [Server thread/INFO]: Changed the block at -2211, 69, -437
[06:28:26] [Server thread/INFO]: Changed the block at -2211, 69, -436
[06:28:26] [Server thread/INFO]: Changed the block at -2211, 69, -435
[06:28:26] [Server thread/INFO]: Changed the block at -2211, 70, -457
[06:28:26] [Server thread/INFO]: Changed the block at -2211, 70, -447
[06:28:26] [Server thread/INFO]: Changed the block at -2211, 70, -437
[06:28:26] [Server thread/INFO]: Changed the block at -2211, 70, -434
[06:28:26] [Server thread/INFO]: Changed the block at -2211, 70, -433
[06:28:26] [Server thread/INFO]: Changed the block at -2211, 70, -432
[06:28:26] [Server thread/INFO]: Changed the block at -2211, 70, -431
[06:28:26] [Server thread/INFO]: Changed the block at -2211, 70, -430
[06:28:26] [Server thread/INFO]: Changed the block at -2211, 71, -429
[06:28:26] [Server thread/INFO]: Changed the block at -2211, 72, -428
[06:28:26] [Server thread/INFO]: Changed the block at -2211, 72, -427
[06:28:26] [Server thread/INFO]: Changed the block at -2211, 72, -426
[06:28:26] [Server thread/INFO]: Changed the block at -2211, 73, -428
[06:28:26] [Server thread/INFO]: Changed the block at -2211, 73, -426
[06:28:26] [Server thread/INFO]: Changed the block at -2211, 73, -425
[06:28:26] [Server thread/INFO]: Changed the block at -2211, 73, -424
[06:28:26] [Server thread/INFO]: Changed the block at -2211, 73, -423
[06:28:26] [Server thread/INFO]: Changed the block at -2211, 73, -422
[06:28:26] [Server thread/INFO]: Changed the block at -2211, 73, -421
[06:28:26] [Server thread/INFO]: Changed the block at -2211, 74, -420
[06:28:26] [Server thread/INFO]: Changed the block at -2210, 69, -461
[06:28:26] [Server thread/INFO]: Changed the block at -2210, 69, -460
[06:28:26] [Server thread/INFO]: Changed the block at -2210, 69, -459
[06:28:26] [Server thread/INFO]: Changed the block at -2210, 75, -420
[06:28:26] [Server thread/INFO]: Changed the block at -2210, 76, -420
[06:28:26] [Server thread/INFO]: Changed the block at -2209, 69, -460
[06:28:26] [Server thread/INFO]: Changed the block at -2209, 69, -459
[06:28:26] [Server thread/INFO]: Changed the block at -2209, 70, -461
[06:28:26] [Server thread/INFO]: Changed the block at -2209, 70, -460
[06:28:26] [Server thread/INFO]: Changed the block at -2209, 70, -459
[06:28:26] [Server thread/INFO]: Could not set the block
[06:28:26] [Server thread/INFO]: Changed the block at -2208, 67, -496
[06:28:26] [Server thread/INFO]: Changed the block at -2208, 68, -496
[06:28:26] [Server thread/INFO]: Changed the block at -2208, 70, -484
[06:28:26] [Server thread/INFO]: Changed the block at -2208, 70, -461
[06:28:26] [Server thread/INFO]: Changed the block at -2208, 70, -460
[06:28:26] [Server thread/INFO]: Changed the block at -2208, 70, -459
[06:28:26] [Server thread/INFO]: Changed the block at -2208, 70, -448
[06:28:26] [Server thread/INFO]: Changed the block at -2208, 71, -484
[06:28:26] [Server thread/INFO]: Changed the block at -2208, 71, -472
[06:28:26] [Server thread/INFO]: Changed the block at -2208, 71, -458
[06:28:26] [Server thread/INFO]: Changed the block at -2208, 71, -448
[06:28:26] [Server thread/INFO]: Changed the block at -2208, 71, -436
[06:28:26] [Server thread/INFO]: Changed the block at -2208, 72, -472
[06:28:26] [Server thread/INFO]: Changed the block at -2208, 72, -458
[06:28:26] [Server thread/INFO]: Changed the block at -2208, 72, -436
[06:28:26] [Server thread/INFO]: Changed the block at -2208, 73, -425
[06:28:26] [Server thread/INFO]: Changed the block at -2208, 74, -425
[06:28:26] [Server thread/INFO]: Changed the block at -2207, 70, -461
[06:28:26] [Server thread/INFO]: Changed the block at -2207, 70, -460
[06:28:26] [Server thread/INFO]: Changed the block at -2207, 70, -459
[06:28:26] [Server thread/INFO]: Changed the block at -2207, 71, -459
[06:28:26] [Server thread/INFO]: Changed the block at -2206, 70, -461
[06:28:26] [Server thread/INFO]: Changed the block at -2206, 70, -460
[06:28:26] [Server thread/INFO]: Changed the block at -2206, 70, -459
[06:28:26] [Server thread/INFO]: Changed the block at -2205, 70, -461
[06:28:26] [Server thread/INFO]: Changed the block at -2205, 70, -460
[06:28:26] [Server thread/INFO]: Changed the block at -2205, 71, -459
[06:28:26] [Server thread/INFO]: Changed the block at -2204, 70, -460
[06:28:26] [Server thread/INFO]: Changed the block at -2204, 70, -459
[06:28:26] [Server thread/INFO]: Changed the block at -2204, 71, -461
[06:28:26] [Server thread/INFO]: Changed the block at -2204, 71, -458
[06:28:26] [Server thread/INFO]: Changed the block at -2204, 72, -458
[06:28:26] [Server thread/INFO]: Changed the block at -2203, 70, -460
[06:28:26] [Server thread/INFO]: Changed the block at -2203, 70, -459
[06:28:26] [Server thread/INFO]: Changed the block at -2203, 71, -461
[06:28:26] [Server thread/INFO]: Changed the block at -2203, 71, -459
[06:28:26] [Server thread/INFO]: Changed the block at -2202, 70, -461
[06:28:26] [Server thread/INFO]: Changed the block at -2202, 70, -460
[06:28:26] [Server thread/INFO]: Changed the block at -2202, 70, -459
[06:28:26] [Server thread/INFO]: Changed the block at -2201, 70, -461
[06:28:26] [Server thread/INFO]: Changed the block at -2201, 70, -460
[06:28:26] [Server thread/INFO]: Changed the block at -2201, 70, -459
[06:28:26] [Server thread/INFO]: Changed the block at -2201, 71, -460
[06:28:26] [Server thread/INFO]: Could not set the block
[06:28:26] [Server thread/INFO]: Changed the block at -2200, 70, -461
[06:28:26] [Server thread/INFO]: Changed the block at -2200, 70, -460
[06:28:26] [Server thread/INFO]: Changed the block at -2200, 70, -459
[06:28:26] [Server thread/INFO]: Changed the block at -2199, 70, -461
[06:28:26] [Server thread/INFO]: Changed the block at -2199, 70, -460
[06:28:26] [Server thread/INFO]: Changed the block at -2199, 70, -459
[06:28:26] [Server thread/INFO]: Changed the block at -2199, 71, -459
[06:28:26] [Server thread/INFO]: Changed the block at -2198, 70, -461
[06:28:26] [Server thread/INFO]: Changed the block at -2198, 70, -460
[06:28:26] [Server thread/INFO]: Changed the block at -2198, 70, -459
[06:28:26] [Server thread/INFO]: Changed the block at -2197, 70, -461
[06:28:26] [Server thread/INFO]: Changed the block at -2197, 70, -460
[06:28:26] [Server thread/INFO]: Changed the block at -2197, 70, -459
[06:28:26] [Server thread/INFO]: Changed the block at -2197, 71, -460
[06:28:26] [Server thread/INFO]: Changed the block at -2196, 69, -496
[06:28:26] [Server thread/INFO]: Changed the block at -2196, 70, -496
[06:28:26] [Server thread/INFO]: Changed the block at -2196, 70, -461
[06:28:26] [Server thread/INFO]: Changed the block at -2196, 70, -460
[06:28:26] [Server thread/INFO]: Changed the block at -2196, 70, -459
[06:28:26] [Server thread/INFO]: Changed the block at -2196, 73, -425
[06:28:26] [Server thread/INFO]: Changed the block at -2196, 74, -425
[06:28:26] [Server thread/INFO]: Changed the block at -2195, 70, -461
[06:28:26] [Server thread/INFO]: Changed the block at -2195, 70, -460
[06:28:26] [Server thread/INFO]: Changed the block at -2195, 70, -459
[06:28:26] [Server thread/INFO]: Changed the block at -2195, 71, -461
[06:28:26] [Server thread/INFO]: Changed the block at -2195, 71, -460
[06:28:26] [Server thread/INFO]: Changed the block at -2194, 70, -461
[06:28:26] [Server thread/INFO]: Changed the block at -2194, 70, -460
[06:28:26] [Server thread/INFO]: Changed the block at -2194, 70, -459
[06:28:26] [Server thread/INFO]: Changed the block at -2193, 70, -461
[06:28:26] [Server thread/INFO]: Changed the block at -2193, 70, -460
[06:28:26] [Server thread/INFO]: Changed the block at -2193, 70, -459
[06:28:26] [Server thread/INFO]: Changed the block at -2193, 71, -459
[06:28:26] [Server thread/INFO]: Changed the block at -2192, 70, -461
[06:28:26] [Server thread/INFO]: Changed the block at -2192, 70, -460
[06:28:26] [Server thread/INFO]: Changed the block at -2192, 70, -459
[06:28:26] [Server thread/INFO]: Changed the block at -2191, 70, -461
[06:28:26] [Server thread/INFO]: Changed the block at -2191, 70, -460
[06:28:26] [Server thread/INFO]: Changed the block at -2191, 70, -459
[06:28:26] [Server thread/INFO]: Changed the block at -2191, 71, -460
[06:28:26] [Server thread/INFO]: Changed the block at -2191, 71, -459
[06:28:26] [Server thread/INFO]: Changed the block at -2190, 70, -461
[06:28:26] [Server thread/INFO]: Changed the block at -2190, 70, -460
[06:28:26] [Server thread/INFO]: Changed the block at -2190, 70, -459
[06:28:26] [Server thread/INFO]: Changed the block at -2189, 70, -461
[06:28:26] [Server thread/INFO]: Changed the block at -2189, 70, -460
[06:28:26] [Server thread/INFO]: Changed the block at -2189, 70, -459
[06:28:26] [Server thread/INFO]: Changed the block at -2189, 71, -461
[06:28:26] [Server thread/INFO]: Changed the block at -2188, 70, -461
[06:28:26] [Server thread/INFO]: Changed the block at -2188, 70, -460
[06:28:26] [Server thread/INFO]: Changed the block at -2188, 70, -459
[06:28:26] [Server thread/INFO]: Changed the block at -2188, 71, -460
[06:28:26] [Server thread/INFO]: Changed the block at -2187, 70, -461
[06:28:26] [Server thread/INFO]: Changed the block at -2187, 70, -460
[06:28:26] [Server thread/INFO]: Changed the block at -2187, 70, -459
[06:28:26] [Server thread/INFO]: Changed the block at -2187, 71, -459
[06:28:26] [Server thread/INFO]: Changed the block at -2186, 70, -461
[06:28:26] [Server thread/INFO]: Changed the block at -2186, 70, -460
[06:28:26] [Server thread/INFO]: Changed the block at -2186, 70, -459
[06:28:26] [Server thread/INFO]: Changed the block at -2185, 70, -461
[06:28:26] [Server thread/INFO]: Changed the block at -2185, 70, -460
[06:28:26] [Server thread/INFO]: Changed the block at -2185, 70, -459
[06:28:26] [Server thread/INFO]: Changed the block at -2184, 70, -496
[06:28:26] [Server thread/INFO]: Changed the block at -2184, 70, -461
[06:28:26] [Server thread/INFO]: Changed the block at -2184, 70, -460
[06:28:26] [Server thread/INFO]: Changed the block at -2184, 70, -459
[06:28:26] [Server thread/INFO]: Changed the block at -2184, 71, -496
[06:28:26] [Server thread/INFO]: Changed the block at -2184, 72, -425
[06:28:26] [Server thread/INFO]: Changed the block at -2184, 73, -425
[06:28:26] [Server thread/INFO]: Changed the block at -2183, 70, -461
[06:28:26] [Server thread/INFO]: Changed the block at -2183, 70, -460
[06:28:26] [Server thread/INFO]: Changed the block at -2183, 70, -459
[06:28:26] [Server thread/INFO]: Changed the block at -2183, 71, -460
[06:28:26] [Server thread/INFO]: Changed the block at -2183, 71, -459
[06:28:26] [Server thread/INFO]: Changed the block at -2182, 70, -461
[06:28:26] [Server thread/INFO]: Changed the block at -2182, 70, -460
[06:28:26] [Server thread/INFO]: Changed the block at -2182, 70, -459
[06:28:26] [Server thread/INFO]: Changed the block at -2182, 71, -461
[06:28:26] [Server thread/INFO]: Changed the block at -2181, 70, -461
[06:28:26] [Server thread/INFO]: Changed the block at -2181, 70, -460
[06:28:26] [Server thread/INFO]: Changed the block at -2181, 70, -459
[06:28:26] [Server thread/INFO]: Changed the block at -2181, 71, -460
[06:28:26] [Server thread/INFO]: Changed the block at -2180, 70, -461
[06:28:26] [Server thread/INFO]: Changed the block at -2180, 70, -460
[06:28:26] [Server thread/INFO]: Changed the block at -2180, 70, -459
[06:28:26] [Server thread/INFO]: Changed the block at -2179, 70, -461
[06:28:26] [Server thread/INFO]: Changed the block at -2179, 70, -460
[06:28:26] [Server thread/INFO]: Changed the block at -2179, 70, -459
[06:28:26] [Server thread/INFO]: Changed the block at -2179, 71, -459
[06:28:26] [Server thread/INFO]: Changed the block at -2178, 70, -461
[06:28:26] [Server thread/INFO]: Changed the block at -2178, 70, -460
[06:28:26] [Server thread/INFO]: Changed the block at -2178, 70, -459
[06:28:26] [Server thread/INFO]: Changed the block at -2178, 71, -460
[06:28:26] [Server thread/INFO]: Changed the block at -2178, 71, -459
[06:28:26] [Server thread/INFO]: Changed the block at -2177, 70, -461
[06:28:26] [Server thread/INFO]: Changed the block at -2177, 70, -460
[06:28:26] [Server thread/INFO]: Changed the block at -2177, 70, -459
[06:28:26] [Server thread/INFO]: Changed the block at -2177, 71, -461
[06:28:26] [Server thread/INFO]: Changed the block at -2176, 69, -461
[06:28:26] [Server thread/INFO]: Changed the block at -2176, 69, -460
[06:28:26] [Server thread/INFO]: Changed the block at -2176, 70, -460
[06:28:26] [Server thread/INFO]: Changed the block at -2176, 70, -459
[06:28:26] [Server thread/INFO]: Changed the block at -2175, 69, -461
[06:28:26] [Server thread/INFO]: Changed the block at -2175, 69, -460
[06:28:26] [Server thread/INFO]: Changed the block at -2175, 69, -459
[06:28:26] [Server thread/INFO]: Changed the block at -2175, 70, -460
[06:28:26] [Server thread/INFO]: Changed the block at -2174, 69, -461
[06:28:26] [Server thread/INFO]: Changed the block at -2174, 69, -460
[06:28:26] [Server thread/INFO]: Changed the block at -2174, 69, -459
[06:28:26] [Server thread/INFO]: Changed the block at -2174, 70, -459
[06:28:26] [Server thread/INFO]: Changed the block at -2173, 69, -461
[06:28:26] [Server thread/INFO]: Changed the block at -2173, 69, -460
[06:28:26] [Server thread/INFO]: Changed the block at -2173, 69, -459
[06:28:26] [Server thread/INFO]: Changed the block at -2172, 69, -461
[06:28:26] [Server thread/INFO]: Changed the block at -2172, 69, -460
[06:28:26] [Server thread/INFO]: Changed the block at -2172, 69, -459
[06:28:26] [Server thread/INFO]: Changed the block at -2172, 70, -496
[06:28:26] [Server thread/INFO]: Changed the block at -2172, 71, -496
[06:28:26] [Server thread/INFO]: Changed the block at -2172, 71, -425
[06:28:26] [Server thread/INFO]: Changed the block at -2172, 72, -425
[06:28:26] [Server thread/INFO]: Changed the block at -2171, 69, -461
[06:28:26] [Server thread/INFO]: Changed the block at -2171, 69, -460
[06:28:26] [Server thread/INFO]: Changed the block at -2171, 69, -459
[06:28:26] [Server thread/INFO]: Changed the block at -2171, 70, -461
[06:28:26] [Server thread/INFO]: Changed the block at -2170, 69, -461
[06:28:26] [Server thread/INFO]: Changed the block at -2170, 69, -460
[06:28:26] [Server thread/INFO]: Changed the block at -2170, 69, -459
[06:28:26] [Server thread/INFO]: Changed the block at -2169, 69, -461
[06:28:26] [Server thread/INFO]: Changed the block at -2169, 69, -460
[06:28:26] [Server thread/INFO]: Changed the block at -2169, 69, -459
[06:28:26] [Server thread/INFO]: Changed the block at -2168, 69, -461
[06:28:26] [Server thread/INFO]: Changed the block at -2168, 69, -460
[06:28:26] [Server thread/INFO]: Changed the block at -2168, 69, -459
[06:28:26] [Server thread/INFO]: Changed the block at -2167, 69, -461
[06:28:26] [Server thread/INFO]: Changed the block at -2167, 69, -460
[06:28:26] [Server thread/INFO]: Changed the block at -2167, 69, -459
[06:28:26] [Server thread/INFO]: Changed the block at -2167, 70, -459
[06:28:26] [Server thread/INFO]: Changed the block at -2166, 69, -461
[06:28:26] [Server thread/INFO]: Changed the block at -2166, 69, -460
[06:28:26] [Server thread/INFO]: Changed the block at -2166, 69, -459
[06:28:26] [Server thread/INFO]: Changed the block at -2166, 70, -460
[06:28:26] [Server thread/INFO]: Changed the block at -2166, 70, -459
[06:28:26] [Server thread/INFO]: Changed the block at -2165, 69, -461
[06:28:26] [Server thread/INFO]: Changed the block at -2165, 69, -460
[06:28:26] [Server thread/INFO]: Changed the block at -2165, 69, -459
[06:28:26] [Server thread/INFO]: Changed the block at -2165, 69, -458
[06:28:26] [Server thread/INFO]: Changed the block at -2165, 69, -457
[06:28:26] [Server thread/INFO]: Changed the block at -2165, 69, -456
[06:28:26] [Server thread/INFO]: Changed the block at -2165, 69, -455
[06:28:26] [Server thread/INFO]: Changed the block at -2165, 69, -454
[06:28:26] [Server thread/INFO]: Changed the block at -2165, 69, -453
[06:28:26] [Server thread/INFO]: Changed the block at -2165, 69, -452
[06:28:26] [Server thread/INFO]: Changed the block at -2165, 69, -451
[06:28:26] [Server thread/INFO]: Changed the block at -2165, 69, -450
[06:28:26] [Server thread/INFO]: Changed the block at -2165, 69, -448
[06:28:26] [Server thread/INFO]: Changed the block at -2165, 69, -447
[06:28:26] [Server thread/INFO]: Changed the block at -2165, 69, -446
[06:28:26] [Server thread/INFO]: Changed the block at -2165, 69, -445
[06:28:26] [Server thread/INFO]: Changed the block at -2165, 69, -444
[06:28:26] [Server thread/INFO]: Changed the block at -2165, 69, -443
[06:28:26] [Server thread/INFO]: Changed the block at -2165, 69, -442
[06:28:26] [Server thread/INFO]: Changed the block at -2165, 69, -441
[06:28:26] [Server thread/INFO]: Changed the block at -2165, 69, -440
[06:28:26] [Server thread/INFO]: Could not set the block
[06:28:26] [Server thread/INFO]: Could not set the block
[06:28:26] [Server thread/INFO]: Could not set the block
[06:28:26] [Server thread/INFO]: Changed the block at -2165, 70, -456
[06:28:26] [Server thread/INFO]: Changed the block at -2165, 70, -450
[06:28:26] [Server thread/INFO]: Changed the block at -2165, 70, -449
[06:28:26] [Server thread/INFO]: Changed the block at -2165, 70, -445
[06:28:26] [Server thread/INFO]: Changed the block at -2165, 70, -439
[06:28:26] [Server thread/INFO]: Changed the block at -2165, 70, -438
[06:28:26] [Server thread/INFO]: Changed the block at -2165, 70, -437
[06:28:26] [Server thread/INFO]: Changed the block at -2165, 70, -436
[06:28:26] [Server thread/INFO]: Changed the block at -2165, 70, -435
[06:28:26] [Server thread/INFO]: Changed the block at -2165, 70, -434
[06:28:26] [Server thread/INFO]: Changed the block at -2165, 70, -433
[06:28:26] [Server thread/INFO]: Changed the block at -2165, 70, -432
[06:28:26] [Server thread/INFO]: Changed the block at -2165, 70, -431
[06:28:26] [Server thread/INFO]: Changed the block at -2165, 70, -430
[06:28:26] [Server thread/INFO]: Changed the block at -2165, 70, -429
[06:28:26] [Server thread/INFO]: Changed the block at -2165, 70, -428
[06:28:26] [Server thread/INFO]: Changed the block at -2165, 70, -427
[06:28:26] [Server thread/INFO]: Changed the block at -2165, 70, -426
[06:28:26] [Server thread/INFO]: Changed the block at -2165, 70, -425
[06:28:26] [Server thread/INFO]: Changed the block at -2165, 70, -424
[06:28:26] [Server thread/INFO]: Changed the block at -2165, 70, -423
[06:28:26] [Server thread/INFO]: Changed the block at -2165, 70, -422
[06:28:26] [Server thread/INFO]: Changed the block at -2165, 70, -421
[06:28:26] [Server thread/INFO]: Changed the block at -2165, 71, -436
[06:28:26] [Server thread/INFO]: Changed the block at -2165, 71, -434
[06:28:26] [Server thread/INFO]: Changed the block at -2165, 71, -433
[06:28:26] [Server thread/INFO]: Changed the block at -2164, 69, -461
[06:28:26] [Server thread/INFO]: Changed the block at -2164, 69, -460
[06:28:26] [Server thread/INFO]: Changed the block at -2164, 69, -459
[06:28:26] [Server thread/INFO]: Changed the block at -2164, 69, -458
[06:28:26] [Server thread/INFO]: Changed the block at -2164, 69, -457
[06:28:26] [Server thread/INFO]: Changed the block at -2164, 69, -455
[06:28:26] [Server thread/INFO]: Changed the block at -2164, 69, -454
[06:28:26] [Server thread/INFO]: Changed the block at -2164, 69, -453
[06:28:26] [Server thread/INFO]: Changed the block at -2164, 69, -452
[06:28:26] [Server thread/INFO]: Changed the block at -2164, 69, -451
[06:28:26] [Server thread/INFO]: Changed the block at -2164, 69, -450
[06:28:26] [Server thread/INFO]: Changed the block at -2164, 69, -449
[06:28:26] [Server thread/INFO]: Changed the block at -2164, 69, -448
[06:28:26] [Server thread/INFO]: Changed the block at -2164, 69, -447
[06:28:26] [Server thread/INFO]: Changed the block at -2164, 69, -446
[06:28:26] [Server thread/INFO]: Changed the block at -2164, 69, -445
[06:28:26] [Server thread/INFO]: Changed the block at -2164, 69, -444
[06:28:26] [Server thread/INFO]: Changed the block at -2164, 69, -443
[06:28:26] [Server thread/INFO]: Changed the block at -2164, 69, -442
[06:28:26] [Server thread/INFO]: Changed the block at -2164, 69, -441
[06:28:26] [Server thread/INFO]: Changed the block at -2164, 69, -440
[06:28:26] [Server thread/INFO]: Changed the block at -2164, 69, -439
[06:28:26] [Server thread/INFO]: Changed the block at -2164, 70, -462
[06:28:26] [Server thread/INFO]: Changed the block at -2164, 70, -458
[06:28:26] [Server thread/INFO]: Changed the block at -2164, 70, -457
[06:28:26] [Server thread/INFO]: Changed the block at -2164, 70, -456
[06:28:26] [Server thread/INFO]: Changed the block at -2164, 70, -455
[06:28:26] [Server thread/INFO]: Changed the block at -2164, 70, -453
[06:28:26] [Server thread/INFO]: Changed the block at -2164, 70, -444
[06:28:26] [Server thread/INFO]: Changed the block at -2164, 70, -442
[06:28:26] [Server thread/INFO]: Changed the block at -2164, 70, -441
[06:28:26] [Server thread/INFO]: Changed the block at -2164, 70, -440
[06:28:26] [Server thread/INFO]: Changed the block at -2164, 70, -439
[06:28:26] [Server thread/INFO]: Changed the block at -2164, 70, -438
[06:28:26] [Server thread/INFO]: Changed the block at -2164, 70, -437
[06:28:26] [Server thread/INFO]: Changed the block at -2164, 70, -436
[06:28:26] [Server thread/INFO]: Changed the block at -2164, 70, -435
[06:28:26] [Server thread/INFO]: Changed the block at -2164, 70, -434
[06:28:26] [Server thread/INFO]: Changed the block at -2164, 70, -433
[06:28:26] [Server thread/INFO]: Changed the block at -2164, 70, -432
[06:28:26] [Server thread/INFO]: Changed the block at -2164, 70, -431
[06:28:26] [Server thread/INFO]: Changed the block at -2164, 70, -430
[06:28:26] [Server thread/INFO]: Changed the block at -2164, 70, -429
[06:28:26] [Server thread/INFO]: Changed the block at -2164, 70, -428
[06:28:26] [Server thread/INFO]: Changed the block at -2164, 70, -427
[06:28:26] [Server thread/INFO]: Changed the block at -2164, 70, -426
[06:28:26] [Server thread/INFO]: Changed the block at -2164, 70, -425
[06:28:26] [Server thread/INFO]: Changed the block at -2164, 70, -424
[06:28:26] [Server thread/INFO]: Changed the block at -2164, 70, -423
[06:28:26] [Server thread/INFO]: Changed the block at -2164, 70, -422
[06:28:26] [Server thread/INFO]: Changed the block at -2164, 70, -421
[06:28:26] [Server thread/INFO]: Changed the block at -2164, 70, -420
[06:28:26] [Server thread/INFO]: Changed the block at -2164, 70, -419
[06:28:26] [Server thread/INFO]: Changed the block at -2164, 71, -462
[06:28:26] [Server thread/INFO]: Changed the block at -2164, 71, -438
[06:28:26] [Server thread/INFO]: Changed the block at -2164, 71, -436
[06:28:26] [Server thread/INFO]: Changed the block at -2164, 71, -431
[06:28:26] [Server thread/INFO]: Changed the block at -2164, 71, -426
[06:28:26] [Server thread/INFO]: Changed the block at -2163, 69, -461
[06:28:26] [Server thread/INFO]: Changed the block at -2163, 69, -460
[06:28:26] [Server thread/INFO]: Changed the block at -2163, 69, -459
[06:28:26] [Server thread/INFO]: Changed the block at -2163, 69, -458
[06:28:26] [Server thread/INFO]: Changed the block at -2163, 69, -457
[06:28:26] [Server thread/INFO]: Changed the block at -2163, 69, -456
[06:28:26] [Server thread/INFO]: Changed the block at -2163, 69, -455
[06:28:26] [Server thread/INFO]: Changed the block at -2163, 69, -454
[06:28:26] [Server thread/INFO]: Changed the block at -2163, 69, -453
[06:28:26] [Server thread/INFO]: Changed the block at -2163, 69, -452
[06:28:26] [Server thread/INFO]: Changed the block at -2163, 69, -451
[06:28:26] [Server thread/INFO]: Changed the block at -2163, 69, -450
[06:28:26] [Server thread/INFO]: Changed the block at -2163, 69, -448
[06:28:26] [Server thread/INFO]: Changed the block at -2163, 69, -447
[06:28:26] [Server thread/INFO]: Changed the block at -2163, 69, -446
[06:28:26] [Server thread/INFO]: Changed the block at -2163, 69, -445
[06:28:26] [Server thread/INFO]: Changed the block at -2163, 69, -444
[06:28:26] [Server thread/INFO]: Changed the block at -2163, 69, -443
[06:28:26] [Server thread/INFO]: Changed the block at -2163, 69, -442
[06:28:26] [Server thread/INFO]: Changed the block at -2163, 69, -441
[06:28:26] [Server thread/INFO]: Changed the block at -2163, 69, -440
[06:28:26] [Server thread/INFO]: Changed the block at -2163, 69, -439
[06:28:26] [Server thread/INFO]: Changed the block at -2163, 69, -438
[06:28:26] [Server thread/INFO]: Changed the block at -2163, 69, -420
[06:28:26] [Server thread/INFO]: Changed the block at -2163, 69, -419
[06:28:26] [Server thread/INFO]: Changed the block at -2163, 70, -453
[06:28:26] [Server thread/INFO]: Changed the block at -2163, 70, -449
[06:28:26] [Server thread/INFO]: Changed the block at -2163, 70, -439
[06:28:26] [Server thread/INFO]: Changed the block at -2163, 70, -437
[06:28:26] [Server thread/INFO]: Changed the block at -2163, 70, -436
[06:28:26] [Server thread/INFO]: Changed the block at -2163, 70, -435
[06:28:26] [Server thread/INFO]: Changed the block at -2163, 70, -434
[06:28:26] [Server thread/INFO]: Changed the block at -2163, 70, -433
[06:28:26] [Server thread/INFO]: Changed the block at -2163, 70, -432
[06:28:26] [Server thread/INFO]: Changed the block at -2163, 70, -431
[06:28:26] [Server thread/INFO]: Changed the block at -2163, 70, -430
[06:28:26] [Server thread/INFO]: Changed the block at -2163, 70, -429
[06:28:26] [Server thread/INFO]: Changed the block at -2163, 70, -428
[06:28:26] [Server thread/INFO]: Changed the block at -2163, 70, -427
[06:28:26] [Server thread/INFO]: Changed the block at -2163, 70, -426
[06:28:26] [Server thread/INFO]: Changed the block at -2163, 70, -425
[06:28:26] [Server thread/INFO]: Changed the block at -2163, 70, -424
[06:28:26] [Server thread/INFO]: Changed the block at -2163, 70, -423
[06:28:26] [Server thread/INFO]: Changed the block at -2163, 70, -422
[06:28:26] [Server thread/INFO]: Changed the block at -2163, 70, -421
[06:28:26] [Server thread/INFO]: Changed the block at -2163, 70, -420
[06:28:26] [Server thread/INFO]: Changed the block at -2163, 71, -435
[06:28:26] [Server thread/INFO]: Changed the block at -2163, 71, -433
[06:28:26] [Server thread/INFO]: Changed the block at -2163, 71, -431
[06:28:26] [Server thread/INFO]: Changed the block at -2163, 71, -429
[06:28:26] [Server thread/INFO]: Changed the block at -2162, 69, -461
[06:28:26] [Server thread/INFO]: Changed the block at -2162, 69, -460
[06:28:26] [Server thread/INFO]: Changed the block at -2162, 69, -459
[06:28:26] [Server thread/INFO]: Changed the block at -2162, 69, -421
[06:28:26] [Server thread/INFO]: Changed the block at -2162, 69, -420
[06:28:26] [Server thread/INFO]: Changed the block at -2162, 69, -419
[06:28:26] [Server thread/INFO]: Changed the block at -2162, 71, -428
[06:28:26] [Server thread/INFO]: Changed the block at -2162, 72, -428
[06:28:26] [Server thread/INFO]: Changed the block at -2161, 69, -461
[06:28:26] [Server thread/INFO]: Changed the block at -2161, 69, -460
[06:28:26] [Server thread/INFO]: Changed the block at -2161, 69, -459
[06:28:26] [Server thread/INFO]: Changed the block at -2161, 69, -421
[06:28:26] [Server thread/INFO]: Changed the block at -2161, 69, -420
[06:28:26] [Server thread/INFO]: Changed the block at -2161, 69, -419
[06:28:26] [Server thread/INFO]: Changed the block at -2160, 69, -461
[06:28:26] [Server thread/INFO]: Changed the block at -2160, 69, -460
[06:28:26] [Server thread/INFO]: Changed the block at -2160, 69, -459
[06:28:26] [Server thread/INFO]: Changed the block at -2160, 69, -421
[06:28:26] [Server thread/INFO]: Changed the block at -2160, 69, -420
[06:28:26] [Server thread/INFO]: Changed the block at -2160, 69, -419
[06:28:26] [Server thread/INFO]: Changed the block at -2160, 70, -496
[06:28:26] [Server thread/INFO]: Changed the block at -2160, 70, -459
[06:28:26] [Server thread/INFO]: Changed the block at -2160, 71, -496
[06:28:26] [Server thread/INFO]: Changed the block at -2160, 71, -425
[06:28:26] [Server thread/INFO]: Changed the block at -2160, 72, -425
[06:28:26] [Server thread/INFO]: Changed the block at -2159, 69, -461
[06:28:26] [Server thread/INFO]: Changed the block at -2159, 69, -460
[06:28:26] [Server thread/INFO]: Changed the block at -2159, 69, -459
[06:28:26] [Server thread/INFO]: Changed the block at -2159, 69, -421
[06:28:26] [Server thread/INFO]: Changed the block at -2159, 69, -420
[06:28:26] [Server thread/INFO]: Changed the block at -2159, 69, -419
[06:28:26] [Server thread/INFO]: Changed the block at -2159, 70, -460
[06:28:26] [Server thread/INFO]: Changed the block at -2159, 70, -420
[06:28:26] [Server thread/INFO]: Changed the block at -2158, 69, -461
[06:28:26] [Server thread/INFO]: Changed the block at -2158, 69, -460
[06:28:26] [Server thread/INFO]: Changed the block at -2158, 69, -459
[06:28:26] [Server thread/INFO]: Changed the block at -2158, 69, -421
[06:28:26] [Server thread/INFO]: Changed the block at -2158, 69, -420
[06:28:26] [Server thread/INFO]: Changed the block at -2158, 69, -419
[06:28:26] [Server thread/INFO]: Changed the block at -2158, 70, -460
[06:28:26] [Server thread/INFO]: Changed the block at -2157, 69, -461
[06:28:26] [Server thread/INFO]: Changed the block at -2157, 69, -460
[06:28:26] [Server thread/INFO]: Changed the block at -2157, 69, -459
[06:28:26] [Server thread/INFO]: Changed the block at -2157, 69, -421
[06:28:26] [Server thread/INFO]: Changed the block at -2157, 69, -420
[06:28:26] [Server thread/INFO]: Changed the block at -2157, 69, -419
[06:28:26] [Server thread/INFO]: Changed the block at -2157, 70, -461
[06:28:26] [Server thread/INFO]: Changed the block at -2156, 69, -461
[06:28:26] [Server thread/INFO]: Changed the block at -2156, 69, -460
[06:28:26] [Server thread/INFO]: Changed the block at -2156, 69, -459
[06:28:26] [Server thread/INFO]: Changed the block at -2156, 69, -421
[06:28:26] [Server thread/INFO]: Changed the block at -2156, 69, -420
[06:28:26] [Server thread/INFO]: Changed the block at -2156, 69, -419
[06:28:26] [Server thread/INFO]: Changed the block at -2155, 69, -461
[06:28:26] [Server thread/INFO]: Changed the block at -2155, 69, -460
[06:28:26] [Server thread/INFO]: Changed the block at -2155, 69, -459
[06:28:26] [Server thread/INFO]: Changed the block at -2155, 69, -420
[06:28:26] [Server thread/INFO]: Changed the block at -2155, 69, -419
[06:28:26] [Server thread/INFO]: Changed the block at -2155, 69, -418
[06:28:26] [Server thread/INFO]: Changed the block at -2155, 70, -419
[06:28:26] [Server thread/INFO]: Changed the block at -2154, 69, -461
[06:28:26] [Server thread/INFO]: Changed the block at -2154, 69, -460
[06:28:26] [Server thread/INFO]: Changed the block at -2154, 69, -459
[06:28:26] [Server thread/INFO]: Changed the block at -2154, 69, -420
[06:28:26] [Server thread/INFO]: Changed the block at -2154, 69, -419
[06:28:26] [Server thread/INFO]: Changed the block at -2154, 69, -418
[06:28:26] [Server thread/INFO]: Changed the block at -2154, 69, -417
[06:28:26] [Server thread/INFO]: Changed the block at -2153, 69, -461
[06:28:26] [Server thread/INFO]: Changed the block at -2153, 69, -460
[06:28:26] [Server thread/INFO]: Changed the block at -2153, 69, -459
[06:28:26] [Server thread/INFO]: Changed the block at -2153, 69, -419
[06:28:26] [Server thread/INFO]: Changed the block at -2153, 69, -418
[06:28:26] [Server thread/INFO]: Changed the block at -2153, 69, -417
[06:28:26] [Server thread/INFO]: Changed the block at -2153, 69, -416
[06:28:26] [Server thread/INFO]: Changed the block at -2153, 70, -417
[06:28:26] [Server thread/INFO]: Could not set the block
[06:28:26] [Server thread/INFO]: Changed the block at -2152, 69, -461
[06:28:26] [Server thread/INFO]: Changed the block at -2152, 69, -460
[06:28:26] [Server thread/INFO]: Changed the block at -2152, 69, -459
[06:28:26] [Server thread/INFO]: Changed the block at -2152, 69, -418
[06:28:26] [Server thread/INFO]: Changed the block at -2152, 69, -417
[06:28:26] [Server thread/INFO]: Changed the block at -2152, 69, -416
[06:28:26] [Server thread/INFO]: Changed the block at -2152, 69, -415
[06:28:26] [Server thread/INFO]: Changed the block at -2152, 70, -460
[06:28:26] [Server thread/INFO]: Changed the block at -2152, 70, -416
[06:28:26] [Server thread/INFO]: Changed the block at -2152, 70, -415
[06:28:26] [Server thread/INFO]: Changed the block at -2151, 69, -461
[06:28:26] [Server thread/INFO]: Changed the block at -2151, 69, -460
[06:28:26] [Server thread/INFO]: Changed the block at -2151, 69, -459
[06:28:26] [Server thread/INFO]: Changed the block at -2151, 69, -417
[06:28:26] [Server thread/INFO]: Changed the block at -2151, 69, -416
[06:28:26] [Server thread/INFO]: Changed the block at -2151, 69, -415
[06:28:26] [Server thread/INFO]: Changed the block at -2151, 69, -414
[06:28:26] [Server thread/INFO]: Changed the block at -2151, 70, -417
[06:28:26] [Server thread/INFO]: Changed the block at -2151, 70, -415
[06:28:26] [Server thread/INFO]: Could not set the block
[06:28:26] [Server thread/INFO]: Changed the block at -2150, 69, -461
[06:28:26] [Server thread/INFO]: Changed the block at -2150, 69, -460
[06:28:26] [Server thread/INFO]: Changed the block at -2150, 69, -459
[06:28:26] [Server thread/INFO]: Changed the block at -2150, 69, -416
[06:28:26] [Server thread/INFO]: Changed the block at -2150, 69, -415
[06:28:26] [Server thread/INFO]: Changed the block at -2150, 69, -414
[06:28:26] [Server thread/INFO]: Changed the block at -2150, 69, -413
[06:28:26] [Server thread/INFO]: Changed the block at -2150, 70, -414
[06:28:26] [Server thread/INFO]: Changed the block at -2150, 70, -413
[06:28:26] [Server thread/INFO]: Changed the block at -2149, 69, -461
[06:28:26] [Server thread/INFO]: Changed the block at -2149, 69, -460
[06:28:26] [Server thread/INFO]: Changed the block at -2149, 69, -459
[06:28:26] [Server thread/INFO]: Changed the block at -2149, 69, -415
[06:28:26] [Server thread/INFO]: Changed the block at -2149, 69, -414
[06:28:26] [Server thread/INFO]: Changed the block at -2149, 69, -413
[06:28:26] [Server thread/INFO]: Changed the block at -2149, 69, -412
[06:28:26] [Server thread/INFO]: Changed the block at -2149, 70, -415
[06:28:26] [Server thread/INFO]: Changed the block at -2149, 70, -413
[06:28:26] [Server thread/INFO]: Changed the block at -2149, 70, -412
[06:28:26] [Server thread/INFO]: Changed the block at -2148, 69, -496
[06:28:26] [Server thread/INFO]: Changed the block at -2148, 69, -461
[06:28:26] [Server thread/INFO]: Changed the block at -2148, 69, -460
[06:28:26] [Server thread/INFO]: Changed the block at -2148, 69, -459
[06:28:26] [Server thread/INFO]: Changed the block at -2148, 69, -414
[06:28:26] [Server thread/INFO]: Changed the block at -2148, 69, -413
[06:28:26] [Server thread/INFO]: Changed the block at -2148, 69, -412
[06:28:26] [Server thread/INFO]: Changed the block at -2148, 70, -496
[06:28:26] [Server thread/INFO]: Changed the block at -2148, 70, -459
[06:28:26] [Server thread/INFO]: Changed the block at -2148, 70, -425
[06:28:26] [Server thread/INFO]: Changed the block at -2148, 70, -413
[06:28:26] [Server thread/INFO]: Changed the block at -2148, 70, -412
[06:28:26] [Server thread/INFO]: Changed the block at -2148, 70, -411
[06:28:26] [Server thread/INFO]: Changed the block at -2148, 71, -425
[06:28:26] [Server thread/INFO]: Could not set the block
[06:28:26] [Server thread/INFO]: Changed the block at -2148, 71, -411
[06:28:26] [Server thread/INFO]: Changed the block at -2147, 69, -461
[06:28:26] [Server thread/INFO]: Changed the block at -2147, 69, -460
[06:28:26] [Server thread/INFO]: Changed the block at -2147, 69, -459
[06:28:26] [Server thread/INFO]: Changed the block at -2147, 69, -413
[06:28:26] [Server thread/INFO]: Changed the block at -2147, 69, -412
[06:28:26] [Server thread/INFO]: Changed the block at -2147, 70, -412
[06:28:26] [Server thread/INFO]: Changed the block at -2147, 70, -411
[06:28:26] [Server thread/INFO]: Changed the block at -2147, 70, -410
[06:28:26] [Server thread/INFO]: Changed the block at -2146, 69, -461
[06:28:26] [Server thread/INFO]: Changed the block at -2146, 69, -460
[06:28:26] [Server thread/INFO]: Changed the block at -2146, 69, -459
[06:28:26] [Server thread/INFO]: Changed the block at -2146, 69, -412
[06:28:26] [Server thread/INFO]: Changed the block at -2146, 69, -411
[06:28:26] [Server thread/INFO]: Changed the block at -2146, 70, -461
[06:28:26] [Server thread/INFO]: Changed the block at -2146, 70, -460
[06:28:26] [Server thread/INFO]: Changed the block at -2146, 70, -459
[06:28:26] [Server thread/INFO]: Changed the block at -2146, 70, -411
[06:28:26] [Server thread/INFO]: Changed the block at -2146, 70, -410
[06:28:26] [Server thread/INFO]: Changed the block at -2146, 70, -409
[06:28:26] [Server thread/INFO]: Changed the block at -2145, 69, -461
[06:28:26] [Server thread/INFO]: Changed the block at -2145, 69, -460
[06:28:26] [Server thread/INFO]: Changed the block at -2145, 69, -459
[06:28:26] [Server thread/INFO]: Changed the block at -2145, 69, -411
[06:28:26] [Server thread/INFO]: Changed the block at -2145, 70, -410
[06:28:26] [Server thread/INFO]: Changed the block at -2145, 70, -409
[06:28:26] [Server thread/INFO]: Changed the block at -2145, 70, -408
[06:28:26] [Server thread/INFO]: Changed the block at -2144, 69, -461
[06:28:26] [Server thread/INFO]: Changed the block at -2144, 69, -460
[06:28:26] [Server thread/INFO]: Changed the block at -2144, 70, -461
[06:28:26] [Server thread/INFO]: Changed the block at -2144, 70, -459
[06:28:26] [Server thread/INFO]: Changed the block at -2144, 70, -410
[06:28:26] [Server thread/INFO]: Changed the block at -2144, 70, -409
[06:28:26] [Server thread/INFO]: Changed the block at -2144, 70, -408
[06:28:26] [Server thread/INFO]: Changed the block at -2144, 70, -407
[06:28:26] [Server thread/INFO]: Changed the block at -2143, 69, -460
[06:28:26] [Server thread/INFO]: Changed the block at -2143, 69, -459
[06:28:26] [Server thread/INFO]: Changed the block at -2143, 70, -461
[06:28:26] [Server thread/INFO]: Changed the block at -2143, 70, -460
[06:28:26] [Server thread/INFO]: Changed the block at -2143, 70, -409
[06:28:26] [Server thread/INFO]: Changed the block at -2143, 70, -408
[06:28:26] [Server thread/INFO]: Changed the block at -2143, 70, -407
[06:28:26] [Server thread/INFO]: Changed the block at -2143, 70, -406
[06:28:26] [Server thread/INFO]: Changed the block at -2143, 71, -406
[06:28:26] [Server thread/INFO]: Changed the block at -2142, 69, -461
[06:28:26] [Server thread/INFO]: Changed the block at -2142, 69, -460
[06:28:26] [Server thread/INFO]: Changed the block at -2142, 69, -459
[06:28:26] [Server thread/INFO]: Changed the block at -2142, 70, -408
[06:28:26] [Server thread/INFO]: Changed the block at -2142, 70, -407
[06:28:26] [Server thread/INFO]: Changed the block at -2142, 70, -406
[06:28:26] [Server thread/INFO]: Changed the block at -2142, 70, -405
[06:28:26] [Server thread/INFO]: Changed the block at -2142, 71, -408
[06:28:26] [Server thread/INFO]: Changed the block at -2141, 69, -461
[06:28:26] [Server thread/INFO]: Changed the block at -2141, 69, -460
[06:28:26] [Server thread/INFO]: Changed the block at -2141, 69, -459
[06:28:26] [Server thread/INFO]: Changed the block at -2141, 70, -461
[06:28:26] [Server thread/INFO]: Changed the block at -2141, 70, -459
[06:28:26] [Server thread/INFO]: Changed the block at -2141, 70, -407
[06:28:26] [Server thread/INFO]: Changed the block at -2141, 70, -406
[06:28:26] [Server thread/INFO]: Changed the block at -2141, 70, -405
[06:28:26] [Server thread/INFO]: Changed the block at -2141, 70, -404
[06:28:26] [Server thread/INFO]: Changed the block at -2141, 71, -405
[06:28:26] [Server thread/INFO]: Changed the block at -2140, 69, -461
[06:28:26] [Server thread/INFO]: Changed the block at -2140, 69, -460
[06:28:26] [Server thread/INFO]: Changed the block at -2140, 70, -459
[06:28:26] [Server thread/INFO]: Changed the block at -2140, 70, -458
[06:28:26] [Server thread/INFO]: Changed the block at -2140, 70, -406
[06:28:26] [Server thread/INFO]: Changed the block at -2140, 70, -405
[06:28:26] [Server thread/INFO]: Changed the block at -2140, 70, -404
[06:28:26] [Server thread/INFO]: Changed the block at -2140, 70, -403
[06:28:26] [Server thread/INFO]: Changed the block at -2140, 71, -458
[06:28:26] [Server thread/INFO]: Changed the block at -2139, 69, -461
[06:28:26] [Server thread/INFO]: Changed the block at -2139, 69, -460
[06:28:26] [Server thread/INFO]: Changed the block at -2139, 69, -459
[06:28:26] [Server thread/INFO]: Changed the block at -2139, 70, -461
[06:28:26] [Server thread/INFO]: Changed the block at -2139, 70, -405
[06:28:26] [Server thread/INFO]: Changed the block at -2139, 70, -404
[06:28:26] [Server thread/INFO]: Changed the block at -2139, 70, -403
[06:28:26] [Server thread/INFO]: Changed the block at -2139, 70, -402
[06:28:26] [Server thread/INFO]: Changed the block at -2139, 71, -405
[06:28:26] [Server thread/INFO]: Changed the block at -2139, 71, -402
[06:28:26] [Server thread/INFO]: Changed the block at -2138, 69, -460
[06:28:26] [Server thread/INFO]: Changed the block at -2138, 69, -459
[06:28:26] [Server thread/INFO]: Changed the block at -2138, 70, -461
[06:28:26] [Server thread/INFO]: Changed the block at -2138, 70, -460
[06:28:26] [Server thread/INFO]: Changed the block at -2138, 70, -459
[06:28:26] [Server thread/INFO]: Changed the block at -2138, 70, -404
[06:28:26] [Server thread/INFO]: Changed the block at -2138, 70, -403
[06:28:26] [Server thread/INFO]: Changed the block at -2138, 70, -402
[06:28:26] [Server thread/INFO]: Changed the block at -2138, 70, -401
[06:28:26] [Server thread/INFO]: Changed the block at -2137, 69, -403
[06:28:26] [Server thread/INFO]: Changed the block at -2137, 70, -496
[06:28:26] [Server thread/INFO]: Changed the block at -2137, 70, -461
[06:28:26] [Server thread/INFO]: Changed the block at -2137, 70, -460
[06:28:26] [Server thread/INFO]: Changed the block at -2137, 70, -459
[06:28:26] [Server thread/INFO]: Changed the block at -2137, 70, -402
[06:28:26] [Server thread/INFO]: Changed the block at -2137, 70, -401
[06:28:26] [Server thread/INFO]: Changed the block at -2137, 70, -400
[06:28:26] [Server thread/INFO]: Changed the block at -2137, 71, -496
[06:28:26] [Server thread/INFO]: Changed the block at -2137, 71, -458
[06:28:26] [Server thread/INFO]: Changed the block at -2137, 71, -448
[06:28:26] [Server thread/INFO]: Changed the block at -2137, 71, -436
[06:28:26] [Server thread/INFO]: Changed the block at -2137, 72, -472
[06:28:26] [Server thread/INFO]: Changed the block at -2137, 72, -458
[06:28:26] [Server thread/INFO]: Changed the block at -2137, 72, -448
[06:28:26] [Server thread/INFO]: Changed the block at -2137, 72, -436
[06:28:26] [Server thread/INFO]: Changed the block at -2137, 73, -472
[06:28:26] [Server thread/INFO]: Changed the block at -2137, 74, -484
[06:28:26] [Server thread/INFO]: Changed the block at -2137, 75, -484
[06:28:26] [Server thread/INFO]: Changed the block at -2136, 69, -402
[06:28:26] [Server thread/INFO]: Changed the block at -2136, 70, -461
[06:28:26] [Server thread/INFO]: Changed the block at -2136, 70, -460
[06:28:26] [Server thread/INFO]: Changed the block at -2136, 70, -459
[06:28:26] [Server thread/INFO]: Changed the block at -2136, 70, -401
[06:28:26] [Server thread/INFO]: Changed the block at -2136, 70, -400
[06:28:26] [Server thread/INFO]: Changed the block at -2136, 70, -399
[06:28:26] [Server thread/INFO]: Changed the block at -2135, 69, -401
[06:28:26] [Server thread/INFO]: Changed the block at -2135, 70, -461
[06:28:26] [Server thread/INFO]: Changed the block at -2135, 70, -460
[06:28:26] [Server thread/INFO]: Changed the block at -2135, 70, -459
[06:28:26] [Server thread/INFO]: Changed the block at -2135, 70, -400
[06:28:26] [Server thread/INFO]: Changed the block at -2135, 70, -399
[06:28:26] [Server thread/INFO]: Changed the block at -2135, 70, -398
[06:28:26] [Server thread/INFO]: Changed the block at -2135, 71, -459
[06:28:26] [Server thread/INFO]: Changed the block at -2134, 69, -400
[06:28:26] [Server thread/INFO]: Changed the block at -2134, 69, -399
[06:28:26] [Server thread/INFO]: Changed the block at -2134, 69, -398
[06:28:26] [Server thread/INFO]: Changed the block at -2134, 69, -397
[06:28:26] [Server thread/INFO]: Changed the block at -2134, 70, -461
[06:28:26] [Server thread/INFO]: Changed the block at -2134, 70, -460
[06:28:26] [Server thread/INFO]: Changed the block at -2134, 70, -459
[06:28:26] [Server thread/INFO]: Changed the block at -2134, 70, -399
[06:28:26] [Server thread/INFO]: Changed the block at -2133, 69, -399
[06:28:26] [Server thread/INFO]: Changed the block at -2133, 69, -398
[06:28:26] [Server thread/INFO]: Changed the block at -2133, 69, -397
[06:28:26] [Server thread/INFO]: Changed the block at -2133, 69, -396
[06:28:26] [Server thread/INFO]: Changed the block at -2133, 70, -461
[06:28:26] [Server thread/INFO]: Changed the block at -2133, 70, -460
[06:28:26] [Server thread/INFO]: Changed the block at -2133, 70, -458
[06:28:26] [Server thread/INFO]: Changed the block at -2133, 70, -457
[06:28:26] [Server thread/INFO]: Changed the block at -2133, 70, -456
[06:28:26] [Server thread/INFO]: Changed the block at -2133, 70, -455
[06:28:26] [Server thread/INFO]: Changed the block at -2133, 70, -454
[06:28:26] [Server thread/INFO]: Changed the block at -2133, 70, -453
[06:28:26] [Server thread/INFO]: Changed the block at -2133, 70, -396
[06:28:26] [Server thread/INFO]: Changed the block at -2133, 71, -460
[06:28:26] [Server thread/INFO]: Changed the block at -2133, 71, -459
[06:28:26] [Server thread/INFO]: Changed the block at -2133, 71, -458
[06:28:26] [Server thread/INFO]: Could not set the block
[06:28:26] [Server thread/INFO]: Changed the block at -2132, 69, -398
[06:28:26] [Server thread/INFO]: Changed the block at -2132, 69, -397
[06:28:26] [Server thread/INFO]: Changed the block at -2132, 69, -396
[06:28:26] [Server thread/INFO]: Changed the block at -2132, 70, -459
[06:28:26] [Server thread/INFO]: Changed the block at -2132, 70, -458
[06:28:26] [Server thread/INFO]: Changed the block at -2132, 70, -457
[06:28:26] [Server thread/INFO]: Changed the block at -2132, 70, -456
[06:28:26] [Server thread/INFO]: Changed the block at -2132, 70, -455
[06:28:26] [Server thread/INFO]: Changed the block at -2132, 70, -454
[06:28:26] [Server thread/INFO]: Changed the block at -2132, 70, -397
[06:28:26] [Server thread/INFO]: Changed the block at -2132, 70, -396
[06:28:26] [Server thread/INFO]: Changed the block at -2132, 71, -460
[06:28:26] [Server thread/INFO]: Changed the block at -2132, 71, -459
[06:28:26] [Server thread/INFO]: Changed the block at -2132, 71, -454
[06:28:26] [Server thread/INFO]: Changed the block at -2132, 71, -453
[06:28:26] [Server thread/INFO]: Changed the block at -2132, 71, -452
[06:28:26] [Server thread/INFO]: Changed the block at -2132, 71, -451
[06:28:26] [Server thread/INFO]: Changed the block at -2131, 69, -397
[06:28:26] [Server thread/INFO]: Changed the block at -2131, 69, -396
[06:28:26] [Server thread/INFO]: Changed the block at -2131, 70, -456
[06:28:26] [Server thread/INFO]: Changed the block at -2131, 70, -397
[06:28:26] [Server thread/INFO]: Changed the block at -2131, 71, -460
[06:28:26] [Server thread/INFO]: Changed the block at -2131, 71, -459
[06:28:26] [Server thread/INFO]: Changed the block at -2131, 71, -458
[06:28:26] [Server thread/INFO]: Changed the block at -2131, 71, -457
[06:28:26] [Server thread/INFO]: Changed the block at -2131, 71, -455
[06:28:26] [Server thread/INFO]: Changed the block at -2131, 71, -454
[06:28:26] [Server thread/INFO]: Changed the block at -2131, 71, -453
[06:28:26] [Server thread/INFO]: Changed the block at -2131, 71, -452
[06:28:26] [Server thread/INFO]: Changed the block at -2131, 71, -451
[06:28:26] [Server thread/INFO]: Changed the block at -2131, 71, -450
[06:28:26] [Server thread/INFO]: Changed the block at -2131, 72, -459
[06:28:26] [Server thread/INFO]: Changed the block at -2131, 72, -457
[06:28:26] [Server thread/INFO]: Changed the block at -2131, 72, -451
[06:28:26] [Server thread/INFO]: Changed the block at -2131, 72, -450
[06:28:26] [Server thread/INFO]: Could not set the block
[06:28:26] [Server thread/INFO]: Could not set the block
[06:28:26] [Server thread/INFO]: Could not set the block
[06:28:26] [Server thread/INFO]: Changed the block at -2130, 70, -396
[06:28:26] [Server thread/INFO]: Changed the block at -2130, 71, -452
[06:28:26] [Server thread/INFO]: Changed the block at -2130, 71, -451
[06:28:26] [Server thread/INFO]: Changed the block at -2130, 71, -450
[06:28:26] [Server thread/INFO]: Changed the block at -2130, 71, -449
[06:28:26] [Server thread/INFO]: Changed the block at -2130, 71, -396
[06:28:26] [Server thread/INFO]: Changed the block at -2130, 72, -451
[06:28:26] [Server thread/INFO]: Changed the block at -2130, 72, -450
[06:28:26] [Server thread/INFO]: Could not set the block
[06:28:26] [Server thread/INFO]: Changed the block at -2129, 71, -451
[06:28:26] [Server thread/INFO]: Changed the block at -2129, 71, -450
[06:28:26] [Server thread/INFO]: Changed the block at -2129, 71, -449
[06:28:26] [Server thread/INFO]: Changed the block at -2129, 71, -448
[06:28:26] [Server thread/INFO]: Changed the block at -2129, 72, -450
[06:28:26] [Server thread/INFO]: Changed the block at -2129, 72, -449
[06:28:26] [Server thread/INFO]: Changed the block at -2128, 71, -450
[06:28:26] [Server thread/INFO]: Changed the block at -2128, 71, -449
[06:28:26] [Server thread/INFO]: Changed the block at -2128, 71, -448
[06:28:26] [Server thread/INFO]: Changed the block at -2128, 71, -447
[06:28:26] [Server thread/INFO]: Changed the block at -2128, 72, -450
[06:28:26] [Server thread/INFO]: Changed the block at -2128, 72, -448
[06:28:26] [Server thread/INFO]: Changed the block at -2128, 72, -447
[06:28:26] [Server thread/INFO]: Could not set the block
[06:28:26] [Server thread/INFO]: Changed the block at -2127, 71, -449
[06:28:26] [Server thread/INFO]: Changed the block at -2127, 71, -448
[06:28:26] [Server thread/INFO]: Changed the block at -2127, 71, -447
[06:28:26] [Server thread/INFO]: Changed the block at -2127, 72, -446
[06:28:26] [Server thread/INFO]: Changed the block at -2126, 71, -448
[06:28:26] [Server thread/INFO]: Changed the block at -2126, 71, -447
[06:28:26] [Server thread/INFO]: Changed the block at -2126, 71, -446
[06:28:26] [Server thread/INFO]: Changed the block at -2126, 71, -445
[06:28:26] [Server thread/INFO]: Changed the block at -2126, 72, -448
[06:28:26] [Server thread/INFO]: Could not set the block
[06:28:26] [Server thread/INFO]: Changed the block at -2125, 71, -447
[06:28:26] [Server thread/INFO]: Changed the block at -2125, 71, -446
[06:28:26] [Server thread/INFO]: Changed the block at -2125, 71, -445
[06:28:26] [Server thread/INFO]: Changed the block at -2125, 71, -444
[06:28:26] [Server thread/INFO]: Could not set the block
[06:28:26] [Server thread/INFO]: Changed the block at -2124, 71, -446
[06:28:26] [Server thread/INFO]: Changed the block at -2124, 71, -445
[06:28:26] [Server thread/INFO]: Changed the block at -2124, 71, -444
[06:28:26] [Server thread/INFO]: Changed the block at -2124, 71, -443
[06:28:26] [Server thread/INFO]: Changed the block at -2124, 72, -446
[06:28:26] [Server thread/INFO]: Changed the block at -2124, 72, -445
[06:28:26] [Server thread/INFO]: Changed the block at -2123, 71, -445
[06:28:26] [Server thread/INFO]: Changed the block at -2123, 71, -444
[06:28:26] [Server thread/INFO]: Changed the block at -2123, 71, -443
[06:28:26] [Server thread/INFO]: Changed the block at -2123, 71, -442
[06:28:26] [Server thread/INFO]: Changed the block at -2123, 72, -445
[06:28:26] [Server thread/INFO]: Changed the block at -2123, 72, -444
[06:28:26] [Server thread/INFO]: Changed the block at -2123, 72, -443
[06:28:26] [Server thread/INFO]: Changed the block at -2122, 71, -444
[06:28:26] [Server thread/INFO]: Changed the block at -2122, 71, -443
[06:28:26] [Server thread/INFO]: Changed the block at -2122, 71, -442
[06:28:26] [Server thread/INFO]: Changed the block at -2122, 71, -441
[06:28:26] [Server thread/INFO]: Changed the block at -2122, 72, -443
[06:28:26] [Server thread/INFO]: Changed the block at -2121, 71, -443
[06:28:26] [Server thread/INFO]: Changed the block at -2121, 71, -442
[06:28:26] [Server thread/INFO]: Changed the block at -2121, 71, -441
[06:28:26] [Server thread/INFO]: Changed the block at -2121, 71, -440
[06:28:26] [Server thread/INFO]: Changed the block at -2120, 71, -442
[06:28:26] [Server thread/INFO]: Changed the block at -2120, 71, -441
[06:28:26] [Server thread/INFO]: Changed the block at -2120, 71, -440
[06:28:26] [Server thread/INFO]: Changed the block at -2120, 71, -439
[06:28:26] [Server thread/INFO]: Changed the block at -2120, 72, -440
[06:28:26] [Server thread/INFO]: Changed the block at -2120, 72, -439
[06:28:26] [Server thread/INFO]: Changed the block at -2119, 71, -441
[06:28:26] [Server thread/INFO]: Changed the block at -2119, 71, -440
[06:28:26] [Server thread/INFO]: Changed the block at -2119, 71, -439
[06:28:26] [Server thread/INFO]: Changed the block at -2119, 72, -441
[06:28:26] [Server thread/INFO]: Changed the block at -2119, 72, -439
[06:28:26] [Server thread/INFO]: Changed the block at -2118, 71, -440
[06:28:26] [Server thread/INFO]: Changed the block at -2118, 71, -439
[06:28:26] [Server thread/INFO]: Changed the block at -2118, 71, -438
[06:28:26] [Server thread/INFO]: Changed the block at -2118, 71, -437
[06:28:26] [Server thread/INFO]: Changed the block at -2118, 72, -440
[06:28:26] [Server thread/INFO]: Changed the block at -2118, 72, -439
[06:28:26] [Server thread/INFO]: Changed the block at -2118, 72, -438
[06:28:26] [Server thread/INFO]: Changed the block at -2118, 72, -437
[06:28:26] [Server thread/INFO]: Changed the block at -2117, 70, -420
[06:28:26] [Server thread/INFO]: Changed the block at -2117, 71, -439
[06:28:26] [Server thread/INFO]: Changed the block at -2117, 71, -438
[06:28:26] [Server thread/INFO]: Changed the block at -2117, 71, -437
[06:28:26] [Server thread/INFO]: Changed the block at -2117, 71, -436
[06:28:26] [Server thread/INFO]: Changed the block at -2117, 71, -435
[06:28:26] [Server thread/INFO]: Changed the block at -2117, 71, -434
[06:28:26] [Server thread/INFO]: Changed the block at -2117, 71, -433
[06:28:26] [Server thread/INFO]: Changed the block at -2117, 71, -431
[06:28:26] [Server thread/INFO]: Changed the block at -2117, 71, -430
[06:28:26] [Server thread/INFO]: Changed the block at -2117, 71, -429
[06:28:26] [Server thread/INFO]: Changed the block at -2117, 71, -428
[06:28:26] [Server thread/INFO]: Changed the block at -2117, 71, -427
[06:28:26] [Server thread/INFO]: Changed the block at -2117, 71, -426
[06:28:26] [Server thread/INFO]: Changed the block at -2117, 71, -425
[06:28:26] [Server thread/INFO]: Changed the block at -2117, 71, -424
[06:28:26] [Server thread/INFO]: Changed the block at -2117, 71, -423
[06:28:26] [Server thread/INFO]: Changed the block at -2117, 71, -422
[06:28:26] [Server thread/INFO]: Changed the block at -2117, 71, -421
[06:28:26] [Server thread/INFO]: Changed the block at -2117, 72, -439
[06:28:26] [Server thread/INFO]: Changed the block at -2117, 72, -437
[06:28:26] [Server thread/INFO]: Changed the block at -2117, 72, -434
[06:28:26] [Server thread/INFO]: Changed the block at -2117, 72, -432
[06:28:26] [Server thread/INFO]: Changed the block at -2117, 72, -429
[06:28:26] [Server thread/INFO]: Changed the block at -2117, 72, -424
[06:28:26] [Server thread/INFO]: Changed the block at -2116, 71, -438
[06:28:26] [Server thread/INFO]: Changed the block at -2116, 71, -436
[06:28:26] [Server thread/INFO]: Changed the block at -2116, 71, -435
[06:28:26] [Server thread/INFO]: Changed the block at -2116, 71, -434
[06:28:26] [Server thread/INFO]: Changed the block at -2116, 71, -433
[06:28:26] [Server thread/INFO]: Changed the block at -2116, 71, -432
[06:28:26] [Server thread/INFO]: Changed the block at -2116, 71, -431
[06:28:26] [Server thread/INFO]: Changed the block at -2116, 71, -430
[06:28:26] [Server thread/INFO]: Changed the block at -2116, 71, -429
[06:28:26] [Server thread/INFO]: Changed the block at -2116, 71, -428
[06:28:26] [Server thread/INFO]: Changed the block at -2116, 71, -427
[06:28:26] [Server thread/INFO]: Changed the block at -2116, 71, -426
[06:28:26] [Server thread/INFO]: Changed the block at -2116, 71, -425
[06:28:26] [Server thread/INFO]: Changed the block at -2116, 71, -424
[06:28:26] [Server thread/INFO]: Changed the block at -2116, 71, -423
[06:28:26] [Server thread/INFO]: Changed the block at -2116, 71, -422
[06:28:26] [Server thread/INFO]: Changed the block at -2116, 71, -421
[06:28:26] [Server thread/INFO]: Changed the block at -2116, 71, -420
[06:28:26] [Server thread/INFO]: Changed the block at -2116, 72, -437
[06:28:26] [Server thread/INFO]: Changed the block at -2116, 72, -436
[06:28:26] [Server thread/INFO]: Changed the block at -2116, 72, -434
[06:28:26] [Server thread/INFO]: Changed the block at -2116, 72, -431
[06:28:26] [Server thread/INFO]: Changed the block at -2116, 72, -428
[06:28:26] [Server thread/INFO]: Changed the block at -2116, 72, -427
[06:28:26] [Server thread/INFO]: Changed the block at -2116, 72, -425
[06:28:26] [Server thread/INFO]: Changed the block at -2115, 71, -437
[06:28:26] [Server thread/INFO]: Changed the block at -2115, 71, -436
[06:28:26] [Server thread/INFO]: Changed the block at -2115, 71, -435
[06:28:26] [Server thread/INFO]: Changed the block at -2115, 71, -433
[06:28:26] [Server thread/INFO]: Changed the block at -2115, 71, -431
[06:28:26] [Server thread/INFO]: Changed the block at -2115, 71, -430
[06:28:26] [Server thread/INFO]: Changed the block at -2115, 71, -429
[06:28:26] [Server thread/INFO]: Changed the block at -2115, 71, -428
[06:28:26] [Server thread/INFO]: Changed the block at -2115, 71, -427
[06:28:26] [Server thread/INFO]: Changed the block at -2115, 71, -426
[06:28:26] [Server thread/INFO]: Changed the block at -2115, 71, -425
[06:28:26] [Server thread/INFO]: Changed the block at -2115, 71, -424
[06:28:26] [Server thread/INFO]: Changed the block at -2115, 71, -423
[06:28:26] [Server thread/INFO]: Changed the block at -2115, 71, -422
[06:28:26] [Server thread/INFO]: Changed the block at -2115, 71, -421
[06:28:26] [Server thread/INFO]: Changed the block at -2115, 71, -420
[06:28:26] [Server thread/INFO]: Changed the block at -2115, 72, -434
[06:28:26] [Server thread/INFO]: Changed the block at -2115, 72, -432
[06:28:26] [Server thread/INFO]: Changed the block at -2115, 72, -429
[06:28:26] [Server thread/INFO]: Changed the block at -2114, 72, -420
[06:28:26] [Server thread/INFO]: Changed the block at -2114, 73, -420
[06:28:26] [Server thread/INFO]: Changed the block at -2085, 70, 412
[06:28:26] [Server thread/INFO]: Changed the block at -2085, 70, 413
[06:28:26] [Server thread/INFO]: Changed the block at -2084, 70, 412
[06:28:26] [Server thread/INFO]: Changed the block at -2084, 70, 413
[06:28:26] [Server thread/INFO]: Changed the block at -2084, 70, 414
[06:28:26] [Server thread/INFO]: Changed the block at -2084, 71, 412
[06:28:26] [Server thread/INFO]: Changed the block at -2084, 71, 414
[06:28:26] [Server thread/INFO]: Changed the block at -2083, 70, 412
[06:28:26] [Server thread/INFO]: Changed the block at -2083, 70, 413
[06:28:26] [Server thread/INFO]: Changed the block at -2083, 70, 414
[06:28:26] [Server thread/INFO]: Changed the block at -2083, 70, 415
[06:28:26] [Server thread/INFO]: Changed the block at -2083, 71, 412
[06:28:26] [Server thread/INFO]: Changed the block at -2082, 70, 413
[06:28:26] [Server thread/INFO]: Changed the block at -2082, 70, 414
[06:28:26] [Server thread/INFO]: Changed the block at -2082, 70, 415
[06:28:26] [Server thread/INFO]: Changed the block at -2082, 70, 416
[06:28:26] [Server thread/INFO]: Changed the block at -2082, 71, 412
[06:28:26] [Server thread/INFO]: Changed the block at -2082, 72, 412
[06:28:26] [Server thread/INFO]: Changed the block at -2081, 70, 414
[06:28:26] [Server thread/INFO]: Changed the block at -2081, 70, 415
[06:28:26] [Server thread/INFO]: Changed the block at -2081, 70, 416
[06:28:26] [Server thread/INFO]: Changed the block at -2081, 70, 417
[06:28:26] [Server thread/INFO]: Changed the block at -2081, 71, 416
[06:28:26] [Server thread/INFO]: Changed the block at -2081, 71, 417
[06:28:26] [Server thread/INFO]: Changed the block at -2080, 69, 417
[06:28:26] [Server thread/INFO]: Changed the block at -2080, 69, 418
[06:28:26] [Server thread/INFO]: Changed the block at -2080, 70, 415
[06:28:26] [Server thread/INFO]: Changed the block at -2080, 70, 416
[06:28:26] [Server thread/INFO]: Changed the block at -2080, 70, 417
[06:28:26] [Server thread/INFO]: Changed the block at -2080, 70, 418
[06:28:26] [Server thread/INFO]: Changed the block at -2079, 69, 416
[06:28:26] [Server thread/INFO]: Changed the block at -2079, 69, 417
[06:28:26] [Server thread/INFO]: Changed the block at -2079, 69, 418
[06:28:26] [Server thread/INFO]: Changed the block at -2079, 69, 419
[06:28:26] [Server thread/INFO]: Changed the block at -2079, 70, 417
[06:28:26] [Server thread/INFO]: Changed the block at -2078, 69, 417
[06:28:26] [Server thread/INFO]: Changed the block at -2078, 69, 418
[06:28:26] [Server thread/INFO]: Changed the block at -2078, 69, 419
[06:28:26] [Server thread/INFO]: Changed the block at -2078, 69, 420
[06:28:26] [Server thread/INFO]: Changed the block at -2078, 70, 417
[06:28:26] [Server thread/INFO]: Changed the block at -2077, 68, 420
[06:28:26] [Server thread/INFO]: Changed the block at -2077, 69, 418
[06:28:26] [Server thread/INFO]: Changed the block at -2077, 69, 419
[06:28:26] [Server thread/INFO]: Changed the block at -2077, 69, 420
[06:28:26] [Server thread/INFO]: Changed the block at -2076, 68, 419
[06:28:26] [Server thread/INFO]: Changed the block at -2076, 68, 420
[06:28:26] [Server thread/INFO]: Changed the block at -2076, 68, 421
[06:28:26] [Server thread/INFO]: Changed the block at -2076, 69, 421
[06:28:26] [Server thread/INFO]: Changed the block at -2075, 67, 421
[06:28:26] [Server thread/INFO]: Changed the block at -2075, 68, 419
[06:28:26] [Server thread/INFO]: Changed the block at -2075, 68, 420
[06:28:26] [Server thread/INFO]: Changed the block at -2075, 68, 421
[06:28:26] [Server thread/INFO]: Changed the block at -2074, 67, 420
[06:28:26] [Server thread/INFO]: Changed the block at -2074, 67, 421
[06:28:26] [Server thread/INFO]: Changed the block at -2074, 68, 419
[06:28:26] [Server thread/INFO]: Changed the block at -2074, 68, 420
[06:28:26] [Server thread/INFO]: Changed the block at -2073, 67, 419
[06:28:26] [Server thread/INFO]: Changed the block at -2073, 67, 420
[06:28:26] [Server thread/INFO]: Changed the block at -2073, 67, 421
[06:28:26] [Server thread/INFO]: Changed the block at -2073, 68, 420
[06:28:26] [Server thread/INFO]: Changed the block at -2072, 66, 420
[06:28:26] [Server thread/INFO]: Changed the block at -2072, 66, 421
[06:28:26] [Server thread/INFO]: Changed the block at -2072, 67, 419
[06:28:26] [Server thread/INFO]: Changed the block at -2072, 67, 420
[06:28:26] [Server thread/INFO]: Changed the block at -2072, 67, 421
[06:28:26] [Server thread/INFO]: Changed the block at -2071, 66, 420
[06:28:26] [Server thread/INFO]: Changed the block at -2071, 66, 421
[06:28:26] [Server thread/INFO]: Changed the block at -2071, 67, 419
[06:28:26] [Server thread/INFO]: Changed the block at -2070, 66, 420
[06:28:26] [Server thread/INFO]: Changed the block at -2070, 66, 421
[06:28:26] [Server thread/INFO]: Changed the block at -2070, 67, 419
[06:28:26] [Server thread/INFO]: Changed the block at -2069, 66, 420
[06:28:26] [Server thread/INFO]: Changed the block at -2069, 66, 421
[06:28:26] [Server thread/INFO]: Changed the block at -2069, 67, 419
[06:28:26] [Server thread/INFO]: Changed the block at -2069, 67, 420
[06:28:26] [Server thread/INFO]: Changed the block at -2069, 68, 419
[06:28:26] [Server thread/INFO]: Changed the block at -2068, 66, 419
[06:28:26] [Server thread/INFO]: Changed the block at -2068, 66, 420
[06:28:26] [Server thread/INFO]: Changed the block at -2068, 66, 421
[06:28:26] [Server thread/INFO]: Changed the block at -2068, 66, 422
[06:28:26] [Server thread/INFO]: Changed the block at -2067, 66, 420
[06:28:26] [Server thread/INFO]: Changed the block at -2067, 66, 421
[06:28:26] [Server thread/INFO]: Changed the block at -2067, 66, 422
[06:28:26] [Server thread/INFO]: Changed the block at -2067, 66, 423
[06:28:26] [Server thread/INFO]: Changed the block at -2067, 67, 422
[06:28:26] [Server thread/INFO]: Changed the block at -2066, 66, 421
[06:28:26] [Server thread/INFO]: Changed the block at -2066, 66, 422
[06:28:26] [Server thread/INFO]: Changed the block at -2066, 66, 423
[06:28:26] [Server thread/INFO]: Changed the block at -2066, 66, 424
[06:28:26] [Server thread/INFO]: Changed the block at -2066, 67, 423
[06:28:26] [Server thread/INFO]: Changed the block at -2065, 66, 422
[06:28:26] [Server thread/INFO]: Changed the block at -2065, 66, 423
[06:28:26] [Server thread/INFO]: Changed the block at -2065, 66, 424
[06:28:26] [Server thread/INFO]: Changed the block at -2065, 66, 425
[06:28:26] [Server thread/INFO]: Changed the block at -2065, 67, 422
[06:28:26] [Server thread/INFO]: Changed the block at -2065, 67, 424
[06:28:26] [Server thread/INFO]: Could not set the block
[06:28:26] [Server thread/INFO]: Changed the block at -2064, 66, 423
[06:28:26] [Server thread/INFO]: Changed the block at -2064, 66, 424
[06:28:26] [Server thread/INFO]: Changed the block at -2064, 66, 425
[06:28:26] [Server thread/INFO]: Changed the block at -2064, 66, 426
[06:28:26] [Server thread/INFO]: Changed the block at -2064, 67, 423
[06:28:26] [Server thread/INFO]: Changed the block at -2064, 67, 426
[06:28:26] [Server thread/INFO]: Could not set the block
[06:28:26] [Server thread/INFO]: Changed the block at -2063, 66, 424
[06:28:26] [Server thread/INFO]: Changed the block at -2063, 66, 425
[06:28:26] [Server thread/INFO]: Changed the block at -2063, 66, 426
[06:28:26] [Server thread/INFO]: Changed the block at -2063, 66, 427
[06:28:26] [Server thread/INFO]: Changed the block at -2063, 67, 426
[06:28:26] [Server thread/INFO]: Changed the block at -2062, 66, 425
[06:28:26] [Server thread/INFO]: Changed the block at -2062, 66, 426
[06:28:26] [Server thread/INFO]: Changed the block at -2062, 66, 427
[06:28:26] [Server thread/INFO]: Changed the block at -2062, 66, 428
[06:28:26] [Server thread/INFO]: Changed the block at -2062, 67, 426
[06:28:26] [Server thread/INFO]: Changed the block at -2062, 74, 380
[06:28:26] [Server thread/INFO]: Changed the block at -2062, 75, 380
[06:28:26] [Server thread/INFO]: Changed the block at -2061, 66, 426
[06:28:26] [Server thread/INFO]: Changed the block at -2061, 66, 427
[06:28:26] [Server thread/INFO]: Changed the block at -2061, 66, 428
[06:28:26] [Server thread/INFO]: Changed the block at -2061, 67, 427
[06:28:26] [Server thread/INFO]: Could not set the block
[06:28:26] [Server thread/INFO]: Changed the block at -2060, 66, 427
[06:28:26] [Server thread/INFO]: Changed the block at -2060, 66, 428
[06:28:26] [Server thread/INFO]: Changed the block at -2060, 66, 429
[06:28:26] [Server thread/INFO]: Changed the block at -2060, 67, 428
[06:28:26] [Server thread/INFO]: Changed the block at -2060, 67, 429
[06:28:26] [Server thread/INFO]: Could not set the block
[06:28:26] [Server thread/INFO]: Changed the block at -2060, 73, 379
[06:28:26] [Server thread/INFO]: Changed the block at -2060, 73, 380
[06:28:26] [Server thread/INFO]: Changed the block at -2060, 73, 381
[06:28:26] [Server thread/INFO]: Changed the block at -2060, 74, 380
[06:28:26] [Server thread/INFO]: Changed the block at -2059, 66, 427
[06:28:26] [Server thread/INFO]: Changed the block at -2059, 66, 428
[06:28:26] [Server thread/INFO]: Changed the block at -2059, 66, 429
[06:28:26] [Server thread/INFO]: Changed the block at -2059, 67, 427
[06:28:26] [Server thread/INFO]: Changed the block at -2059, 67, 428
[06:28:26] [Server thread/INFO]: Changed the block at -2059, 67, 429
[06:28:26] [Server thread/INFO]: Could not set the block
[06:28:26] [Server thread/INFO]: Could not set the block
[06:28:26] [Server thread/INFO]: Could not set the block
[06:28:26] [Server thread/INFO]: Changed the block at -2059, 72, 381
[06:28:26] [Server thread/INFO]: Changed the block at -2059, 73, 379
[06:28:26] [Server thread/INFO]: Changed the block at -2059, 73, 380
[06:28:26] [Server thread/INFO]: Changed the block at -2058, 66, 427
[06:28:26] [Server thread/INFO]: Changed the block at -2058, 66, 428
[06:28:26] [Server thread/INFO]: Changed the block at -2058, 66, 429
[06:28:26] [Server thread/INFO]: Changed the block at -2058, 67, 429
[06:28:26] [Server thread/INFO]: Changed the block at -2058, 72, 381
[06:28:26] [Server thread/INFO]: Changed the block at -2058, 73, 379
[06:28:26] [Server thread/INFO]: Changed the block at -2058, 73, 380
[06:28:26] [Server thread/INFO]: Changed the block at -2057, 66, 427
[06:28:26] [Server thread/INFO]: Changed the block at -2057, 66, 428
[06:28:26] [Server thread/INFO]: Changed the block at -2057, 66, 429
[06:28:26] [Server thread/INFO]: Changed the block at -2057, 67, 427
[06:28:26] [Server thread/INFO]: Changed the block at -2057, 72, 381
[06:28:26] [Server thread/INFO]: Changed the block at -2057, 73, 379
[06:28:26] [Server thread/INFO]: Changed the block at -2057, 73, 380
[06:28:26] [Server thread/INFO]: Changed the block at -2057, 73, 381
[06:28:26] [Server thread/INFO]: Changed the block at -2056, 66, 427
[06:28:26] [Server thread/INFO]: Changed the block at -2056, 66, 428
[06:28:26] [Server thread/INFO]: Changed the block at -2056, 66, 429
[06:28:26] [Server thread/INFO]: Changed the block at -2056, 66, 440
[06:28:26] [Server thread/INFO]: Changed the block at -2056, 66, 452
[06:28:26] [Server thread/INFO]: Changed the block at -2056, 67, 430
[06:28:26] [Server thread/INFO]: Changed the block at -2056, 67, 440
[06:28:26] [Server thread/INFO]: Changed the block at -2056, 67, 452
[06:28:26] [Server thread/INFO]: Changed the block at -2056, 67, 463
[06:28:26] [Server thread/INFO]: Changed the block at -2056, 68, 416
[06:28:26] [Server thread/INFO]: Changed the block at -2056, 68, 430
[06:28:26] [Server thread/INFO]: Changed the block at -2056, 68, 463
[06:28:26] [Server thread/INFO]: Changed the block at -2056, 69, 416
[06:28:26] [Server thread/INFO]: Changed the block at -2056, 70, 404
[06:28:26] [Server thread/INFO]: Changed the block at -2056, 71, 404
[06:28:26] [Server thread/INFO]: Changed the block at -2056, 72, 381
[06:28:26] [Server thread/INFO]: Changed the block at -2056, 73, 379
[06:28:26] [Server thread/INFO]: Changed the block at -2056, 73, 380
[06:28:26] [Server thread/INFO]: Changed the block at -2056, 73, 381
[06:28:26] [Server thread/INFO]: Changed the block at -2056, 74, 379
[06:28:26] [Server thread/INFO]: Changed the block at -2055, 66, 427
[06:28:26] [Server thread/INFO]: Changed the block at -2055, 66, 428
[06:28:26] [Server thread/INFO]: Changed the block at -2055, 66, 429
[06:28:26] [Server thread/INFO]: Changed the block at -2055, 72, 380
[06:28:26] [Server thread/INFO]: Changed the block at -2055, 72, 381
[06:28:26] [Server thread/INFO]: Changed the block at -2055, 73, 379
[06:28:26] [Server thread/INFO]: Changed the block at -2055, 73, 380
[06:28:26] [Server thread/INFO]: Changed the block at -2054, 66, 427
[06:28:26] [Server thread/INFO]: Changed the block at -2054, 66, 428
[06:28:26] [Server thread/INFO]: Changed the block at -2054, 66, 429
[06:28:26] [Server thread/INFO]: Changed the block at -2054, 72, 379
[06:28:26] [Server thread/INFO]: Changed the block at -2054, 72, 380
[06:28:26] [Server thread/INFO]: Changed the block at -2054, 72, 381
[06:28:26] [Server thread/INFO]: Changed the block at -2053, 66, 427
[06:28:26] [Server thread/INFO]: Changed the block at -2053, 66, 428
[06:28:26] [Server thread/INFO]: Changed the block at -2053, 66, 429
[06:28:26] [Server thread/INFO]: Changed the block at -2053, 67, 428
[06:28:26] [Server thread/INFO]: Changed the block at -2053, 67, 429
[06:28:26] [Server thread/INFO]: Could not set the block
[06:28:26] [Server thread/INFO]: Changed the block at -2053, 72, 379
[06:28:26] [Server thread/INFO]: Changed the block at -2053, 72, 380
[06:28:26] [Server thread/INFO]: Changed the block at -2053, 72, 381
[06:28:26] [Server thread/INFO]: Changed the block at -2053, 73, 379
[06:28:26] [Server thread/INFO]: Changed the block at -2053, 73, 380
[06:28:26] [Server thread/INFO]: Changed the block at -2052, 66, 428
[06:28:26] [Server thread/INFO]: Changed the block at -2052, 66, 429
[06:28:26] [Server thread/INFO]: Changed the block at -2052, 67, 427
[06:28:26] [Server thread/INFO]: Changed the block at -2052, 67, 428
[06:28:26] [Server thread/INFO]: Changed the block at -2052, 67, 430
[06:28:26] [Server thread/INFO]: Changed the block at -2052, 68, 430
[06:28:26] [Server thread/INFO]: Changed the block at -2052, 72, 379
[06:28:26] [Server thread/INFO]: Changed the block at -2052, 72, 380
[06:28:26] [Server thread/INFO]: Changed the block at -2052, 72, 381
[06:28:26] [Server thread/INFO]: Changed the block at -2051, 67, 427
[06:28:26] [Server thread/INFO]: Changed the block at -2051, 67, 428
[06:28:26] [Server thread/INFO]: Changed the block at -2051, 67, 429
[06:28:26] [Server thread/INFO]: Changed the block at -2051, 68, 427
[06:28:26] [Server thread/INFO]: Changed the block at -2051, 72, 379
[06:28:26] [Server thread/INFO]: Changed the block at -2051, 72, 380
[06:28:26] [Server thread/INFO]: Changed the block at -2051, 72, 381
[06:28:26] [Server thread/INFO]: Changed the block at -2050, 67, 427
[06:28:26] [Server thread/INFO]: Changed the block at -2050, 67, 428
[06:28:26] [Server thread/INFO]: Changed the block at -2050, 67, 429
[06:28:26] [Server thread/INFO]: Changed the block at -2050, 72, 379
[06:28:26] [Server thread/INFO]: Changed the block at -2050, 72, 380
[06:28:26] [Server thread/INFO]: Changed the block at -2050, 72, 381
[06:28:26] [Server thread/INFO]: Changed the block at -2049, 67, 427
[06:28:26] [Server thread/INFO]: Changed the block at -2049, 67, 428
[06:28:26] [Server thread/INFO]: Changed the block at -2049, 67, 429
[06:28:26] [Server thread/INFO]: Changed the block at -2049, 68, 429
[06:28:26] [Server thread/INFO]: Changed the block at -2049, 72, 379
[06:28:26] [Server thread/INFO]: Changed the block at -2049, 72, 380
[06:28:26] [Server thread/INFO]: Changed the block at -2049, 72, 381
[06:28:26] [Server thread/INFO]: Changed the block at -2048, 67, 427
[06:28:26] [Server thread/INFO]: Changed the block at -2048, 67, 428
[06:28:26] [Server thread/INFO]: Changed the block at -2048, 67, 429
[06:28:26] [Server thread/INFO]: Changed the block at -2048, 68, 429
[06:28:26] [Server thread/INFO]: Changed the block at -2048, 71, 381
[06:28:26] [Server thread/INFO]: Changed the block at -2048, 72, 379
[06:28:26] [Server thread/INFO]: Changed the block at -2048, 72, 380
[06:28:26] [Server thread/INFO]: Changed the block at -2048, 73, 379
[06:28:26] [Server thread/INFO]: Changed the block at -2047, 67, 427
[06:28:26] [Server thread/INFO]: Changed the block at -2047, 67, 428
[06:28:26] [Server thread/INFO]: Changed the block at -2047, 67, 429
[06:28:26] [Server thread/INFO]: Changed the block at -2047, 68, 428
[06:28:26] [Server thread/INFO]: Changed the block at -2047, 71, 379
[06:28:26] [Server thread/INFO]: Changed the block at -2047, 71, 380
[06:28:26] [Server thread/INFO]: Changed the block at -2047, 71, 381
[06:28:26] [Server thread/INFO]: Changed the block at -2047, 72, 380
[06:28:26] [Server thread/INFO]: Changed the block at -2047, 72, 381
[06:28:26] [Server thread/INFO]: Changed the block at -2046, 68, 427
[06:28:26] [Server thread/INFO]: Changed the block at -2046, 68, 428
[06:28:26] [Server thread/INFO]: Changed the block at -2046, 68, 429
[06:28:26] [Server thread/INFO]: Changed the block at -2046, 71, 379
[06:28:26] [Server thread/INFO]: Changed the block at -2046, 71, 380
[06:28:26] [Server thread/INFO]: Changed the block at -2046, 71, 381
[06:28:26] [Server thread/INFO]: Changed the block at -2045, 68, 427
[06:28:26] [Server thread/INFO]: Changed the block at -2045, 68, 428
[06:28:26] [Server thread/INFO]: Changed the block at -2045, 68, 429
[06:28:26] [Server thread/INFO]: Changed the block at -2045, 69, 427
[06:28:26] [Server thread/INFO]: Changed the block at -2045, 69, 428
[06:28:26] [Server thread/INFO]: Changed the block at -2045, 71, 379
[06:28:26] [Server thread/INFO]: Changed the block at -2045, 71, 380
[06:28:26] [Server thread/INFO]: Changed the block at -2045, 71, 381
[06:28:26] [Server thread/INFO]: Changed the block at -2045, 72, 381
[06:28:26] [Server thread/INFO]: Changed the block at -2044, 66, 463
[06:28:26] [Server thread/INFO]: Changed the block at -2044, 67, 463
[06:28:26] [Server thread/INFO]: Changed the block at -2044, 68, 392
[06:28:26] [Server thread/INFO]: Changed the block at -2044, 68, 427
[06:28:26] [Server thread/INFO]: Changed the block at -2044, 68, 428
[06:28:26] [Server thread/INFO]: Changed the block at -2044, 68, 429
[06:28:26] [Server thread/INFO]: Changed the block at -2044, 69, 392
[06:28:26] [Server thread/INFO]: Changed the block at -2044, 69, 428
[06:28:26] [Server thread/INFO]: Changed the block at -2044, 69, 429
[06:28:26] [Server thread/INFO]: Changed the block at -2044, 70, 379
[06:28:26] [Server thread/INFO]: Changed the block at -2044, 70, 380
[06:28:26] [Server thread/INFO]: Changed the block at -2044, 70, 381
[06:28:26] [Server thread/INFO]: Changed the block at -2044, 70, 382
[06:28:26] [Server thread/INFO]: Changed the block at -2044, 71, 380
[06:28:26] [Server thread/INFO]: Changed the block at -2044, 71, 381
[06:28:26] [Server thread/INFO]: Changed the block at -2043, 68, 427
[06:28:26] [Server thread/INFO]: Changed the block at -2043, 68, 428
[06:28:26] [Server thread/INFO]: Changed the block at -2043, 68, 429
[06:28:26] [Server thread/INFO]: Changed the block at -2043, 70, 380
[06:28:26] [Server thread/INFO]: Changed the block at -2043, 70, 381
[06:28:26] [Server thread/INFO]: Changed the block at -2043, 70, 382
[06:28:26] [Server thread/INFO]: Changed the block at -2043, 70, 383
[06:28:26] [Server thread/INFO]: Changed the block at -2043, 71, 381
[06:28:26] [Server thread/INFO]: Changed the block at -2042, 68, 427
[06:28:26] [Server thread/INFO]: Changed the block at -2042, 68, 428
[06:28:26] [Server thread/INFO]: Changed the block at -2042, 68, 429
[06:28:26] [Server thread/INFO]: Changed the block at -2042, 69, 428
[06:28:26] [Server thread/INFO]: Changed the block at -2042, 70, 381
[06:28:26] [Server thread/INFO]: Changed the block at -2042, 70, 382
[06:28:26] [Server thread/INFO]: Changed the block at -2042, 70, 383
[06:28:26] [Server thread/INFO]: Changed the block at -2042, 70, 384
[06:28:26] [Server thread/INFO]: Changed the block at -2042, 71, 381
[06:28:26] [Server thread/INFO]: Changed the block at -2041, 68, 427
[06:28:26] [Server thread/INFO]: Changed the block at -2041, 68, 428
[06:28:26] [Server thread/INFO]: Changed the block at -2041, 68, 429
[06:28:26] [Server thread/INFO]: Changed the block at -2041, 69, 428
[06:28:26] [Server thread/INFO]: Changed the block at -2041, 70, 382
[06:28:26] [Server thread/INFO]: Changed the block at -2041, 70, 383
[06:28:26] [Server thread/INFO]: Changed the block at -2041, 70, 384
[06:28:26] [Server thread/INFO]: Changed the block at -2041, 70, 385
[06:28:26] [Server thread/INFO]: Changed the block at -2040, 69, 427
[06:28:26] [Server thread/INFO]: Changed the block at -2040, 69, 428
[06:28:26] [Server thread/INFO]: Changed the block at -2040, 69, 429
[06:28:26] [Server thread/INFO]: Changed the block at -2040, 70, 383
[06:28:26] [Server thread/INFO]: Changed the block at -2040, 70, 384
[06:28:26] [Server thread/INFO]: Changed the block at -2040, 70, 385
[06:28:26] [Server thread/INFO]: Changed the block at -2040, 70, 386
[06:28:26] [Server thread/INFO]: Changed the block at -2040, 71, 384
[06:28:26] [Server thread/INFO]: Changed the block at -2039, 69, 427
[06:28:26] [Server thread/INFO]: Changed the block at -2039, 69, 428
[06:28:26] [Server thread/INFO]: Changed the block at -2039, 69, 429
[06:28:26] [Server thread/INFO]: Changed the block at -2039, 70, 384
[06:28:26] [Server thread/INFO]: Changed the block at -2039, 70, 385
[06:28:26] [Server thread/INFO]: Changed the block at -2039, 70, 386
[06:28:26] [Server thread/INFO]: Changed the block at -2039, 70, 387
[06:28:26] [Server thread/INFO]: Changed the block at -2039, 70, 429
[06:28:26] [Server thread/INFO]: Changed the block at -2038, 69, 427
[06:28:26] [Server thread/INFO]: Changed the block at -2038, 69, 428
[06:28:26] [Server thread/INFO]: Changed the block at -2038, 69, 429
[06:28:26] [Server thread/INFO]: Changed the block at -2038, 70, 385
[06:28:26] [Server thread/INFO]: Changed the block at -2038, 70, 386
[06:28:26] [Server thread/INFO]: Changed the block at -2038, 70, 387
[06:28:26] [Server thread/INFO]: Changed the block at -2038, 70, 388
[06:28:26] [Server thread/INFO]: Changed the block at -2038, 70, 427
[06:28:26] [Server thread/INFO]: Changed the block at -2038, 70, 428
[06:28:26] [Server thread/INFO]: Changed the block at -2037, 69, 427
[06:28:26] [Server thread/INFO]: Changed the block at -2037, 69, 428
[06:28:26] [Server thread/INFO]: Changed the block at -2037, 69, 429
[06:28:26] [Server thread/INFO]: Changed the block at -2037, 70, 386
[06:28:26] [Server thread/INFO]: Changed the block at -2037, 70, 387
[06:28:26] [Server thread/INFO]: Changed the block at -2037, 70, 388
[06:28:26] [Server thread/INFO]: Changed the block at -2037, 71, 387
[06:28:26] [Server thread/INFO]: Changed the block at -2037, 71, 388
[06:28:26] [Server thread/INFO]: Changed the block at -2036, 69, 427
[06:28:26] [Server thread/INFO]: Changed the block at -2036, 69, 428
[06:28:26] [Server thread/INFO]: Changed the block at -2036, 69, 429
[06:28:26] [Server thread/INFO]: Changed the block at -2036, 70, 387
[06:28:26] [Server thread/INFO]: Changed the block at -2036, 70, 388
[06:28:26] [Server thread/INFO]: Changed the block at -2036, 70, 389
[06:28:26] [Server thread/INFO]: Changed the block at -2036, 70, 428
[06:28:26] [Server thread/INFO]: Changed the block at -2036, 70, 429
[06:28:26] [Server thread/INFO]: Changed the block at -2036, 71, 387
[06:28:26] [Server thread/INFO]: Changed the block at -2036, 71, 388
[06:28:26] [Server thread/INFO]: Changed the block at -2036, 71, 389
[06:28:26] [Server thread/INFO]: Changed the block at -2035, 69, 427
[06:28:26] [Server thread/INFO]: Changed the block at -2035, 69, 428
[06:28:26] [Server thread/INFO]: Changed the block at -2035, 69, 429
[06:28:26] [Server thread/INFO]: Changed the block at -2035, 70, 387
[06:28:26] [Server thread/INFO]: Changed the block at -2035, 70, 388
[06:28:26] [Server thread/INFO]: Changed the block at -2035, 70, 389
[06:28:26] [Server thread/INFO]: Changed the block at -2035, 70, 429
[06:28:26] [Server thread/INFO]: Changed the block at -2035, 71, 387
[06:28:26] [Server thread/INFO]: Changed the block at -2034, 69, 427
[06:28:26] [Server thread/INFO]: Changed the block at -2034, 69, 428
[06:28:26] [Server thread/INFO]: Changed the block at -2034, 69, 429
[06:28:26] [Server thread/INFO]: Changed the block at -2034, 70, 387
[06:28:26] [Server thread/INFO]: Changed the block at -2034, 70, 388
[06:28:26] [Server thread/INFO]: Changed the block at -2034, 70, 389
[06:28:26] [Server thread/INFO]: Changed the block at -2034, 70, 428
[06:28:26] [Server thread/INFO]: Changed the block at -2034, 71, 388
[06:28:26] [Server thread/INFO]: Changed the block at -2033, 69, 427
[06:28:26] [Server thread/INFO]: Changed the block at -2033, 69, 428
[06:28:26] [Server thread/INFO]: Changed the block at -2033, 69, 429
[06:28:26] [Server thread/INFO]: Changed the block at -2033, 70, 387
[06:28:26] [Server thread/INFO]: Changed the block at -2033, 70, 388
[06:28:26] [Server thread/INFO]: Changed the block at -2033, 70, 389
[06:28:26] [Server thread/INFO]: Changed the block at -2033, 70, 428
[06:28:26] [Server thread/INFO]: Changed the block at -2032, 69, 427
[06:28:26] [Server thread/INFO]: Changed the block at -2032, 69, 428
[06:28:26] [Server thread/INFO]: Changed the block at -2032, 69, 429
[06:28:26] [Server thread/INFO]: Changed the block at -2032, 69, 463
[06:28:26] [Server thread/INFO]: Changed the block at -2032, 70, 387
[06:28:26] [Server thread/INFO]: Changed the block at -2032, 70, 388
[06:28:26] [Server thread/INFO]: Changed the block at -2032, 70, 389
[06:28:26] [Server thread/INFO]: Changed the block at -2032, 70, 392
[06:28:26] [Server thread/INFO]: Changed the block at -2032, 70, 463
[06:28:26] [Server thread/INFO]: Changed the block at -2032, 71, 392
[06:28:26] [Server thread/INFO]: Changed the block at -2031, 69, 427
[06:28:26] [Server thread/INFO]: Changed the block at -2031, 69, 428
[06:28:26] [Server thread/INFO]: Changed the block at -2031, 69, 429
[06:28:26] [Server thread/INFO]: Changed the block at -2031, 70, 387
[06:28:26] [Server thread/INFO]: Changed the block at -2031, 70, 388
[06:28:26] [Server thread/INFO]: Changed the block at -2031, 70, 389
[06:28:26] [Server thread/INFO]: Changed the block at -2031, 70, 428
[06:28:26] [Server thread/INFO]: Changed the block at -2030, 70, 387
[06:28:26] [Server thread/INFO]: Changed the block at -2030, 70, 388
[06:28:26] [Server thread/INFO]: Changed the block at -2030, 70, 389
[06:28:26] [Server thread/INFO]: Changed the block at -2030, 70, 427
[06:28:26] [Server thread/INFO]: Changed the block at -2030, 70, 428
[06:28:26] [Server thread/INFO]: Changed the block at -2030, 70, 429
[06:28:26] [Server thread/INFO]: Changed the block at -2029, 70, 387
[06:28:26] [Server thread/INFO]: Changed the block at -2029, 70, 388
[06:28:26] [Server thread/INFO]: Changed the block at -2029, 70, 389
[06:28:26] [Server thread/INFO]: Changed the block at -2029, 70, 427
[06:28:26] [Server thread/INFO]: Changed the block at -2029, 70, 428
[06:28:26] [Server thread/INFO]: Changed the block at -2029, 70, 429
[06:28:26] [Server thread/INFO]: Changed the block at -2029, 71, 389
[06:28:26] [Server thread/INFO]: Changed the block at -2029, 71, 427
[06:28:26] [Server thread/INFO]: Changed the block at -2028, 70, 387
[06:28:26] [Server thread/INFO]: Changed the block at -2028, 70, 388
[06:28:26] [Server thread/INFO]: Changed the block at -2028, 70, 389
[06:28:26] [Server thread/INFO]: Changed the block at -2028, 70, 427
[06:28:26] [Server thread/INFO]: Changed the block at -2028, 70, 428
[06:28:26] [Server thread/INFO]: Changed the block at -2028, 70, 429
[06:28:26] [Server thread/INFO]: Changed the block at -2028, 71, 388
[06:28:26] [Server thread/INFO]: Changed the block at -2027, 70, 387
[06:28:26] [Server thread/INFO]: Changed the block at -2027, 70, 388
[06:28:26] [Server thread/INFO]: Changed the block at -2027, 70, 389
[06:28:26] [Server thread/INFO]: Changed the block at -2027, 70, 427
[06:28:26] [Server thread/INFO]: Changed the block at -2027, 70, 428
[06:28:26] [Server thread/INFO]: Changed the block at -2027, 70, 429
[06:28:26] [Server thread/INFO]: Changed the block at -2027, 71, 387
[06:28:26] [Server thread/INFO]: Changed the block at -2027, 71, 388
[06:28:26] [Server thread/INFO]: Changed the block at -2027, 71, 389
[06:28:26] [Server thread/INFO]: Changed the block at -2027, 71, 427
[06:28:26] [Server thread/INFO]: Changed the block at -2027, 71, 429
[06:28:26] [Server thread/INFO]: Could not set the block
[06:28:26] [Server thread/INFO]: Changed the block at -2026, 70, 387
[06:28:26] [Server thread/INFO]: Changed the block at -2026, 70, 388
[06:28:26] [Server thread/INFO]: Changed the block at -2026, 70, 389
[06:28:26] [Server thread/INFO]: Changed the block at -2026, 70, 427
[06:28:26] [Server thread/INFO]: Changed the block at -2026, 70, 428
[06:28:26] [Server thread/INFO]: Changed the block at -2026, 70, 429
[06:28:26] [Server thread/INFO]: Changed the block at -2025, 70, 387
[06:28:26] [Server thread/INFO]: Changed the block at -2025, 70, 388
[06:28:26] [Server thread/INFO]: Changed the block at -2025, 70, 389
[06:28:26] [Server thread/INFO]: Changed the block at -2025, 70, 427
[06:28:26] [Server thread/INFO]: Changed the block at -2025, 70, 428
[06:28:26] [Server thread/INFO]: Changed the block at -2025, 70, 429
[06:28:26] [Server thread/INFO]: Changed the block at -2025, 71, 389
[06:28:26] [Server thread/INFO]: Changed the block at -2024, 70, 387
[06:28:26] [Server thread/INFO]: Changed the block at -2024, 70, 388
[06:28:26] [Server thread/INFO]: Changed the block at -2024, 70, 389
[06:28:26] [Server thread/INFO]: Changed the block at -2024, 70, 427
[06:28:26] [Server thread/INFO]: Changed the block at -2024, 70, 428
[06:28:26] [Server thread/INFO]: Changed the block at -2024, 70, 429
[06:28:26] [Server thread/INFO]: Changed the block at -2024, 71, 387
[06:28:26] [Server thread/INFO]: Changed the block at -2024, 71, 388
[06:28:26] [Server thread/INFO]: Changed the block at -2024, 71, 429
[06:28:26] [Server thread/INFO]: Changed the block at -2023, 70, 387
[06:28:26] [Server thread/INFO]: Changed the block at -2023, 70, 388
[06:28:26] [Server thread/INFO]: Changed the block at -2023, 70, 389
[06:28:26] [Server thread/INFO]: Changed the block at -2023, 70, 427
[06:28:26] [Server thread/INFO]: Changed the block at -2023, 70, 428
[06:28:26] [Server thread/INFO]: Changed the block at -2023, 70, 429
[06:28:26] [Server thread/INFO]: Changed the block at -2023, 71, 387
[06:28:26] [Server thread/INFO]: Changed the block at -2023, 71, 389
[06:28:26] [Server thread/INFO]: Changed the block at -2023, 71, 428
[06:28:26] [Server thread/INFO]: Changed the block at -2022, 70, 387
[06:28:26] [Server thread/INFO]: Changed the block at -2022, 70, 388
[06:28:26] [Server thread/INFO]: Changed the block at -2022, 70, 389
[06:28:26] [Server thread/INFO]: Changed the block at -2022, 70, 427
[06:28:26] [Server thread/INFO]: Changed the block at -2022, 70, 428
[06:28:26] [Server thread/INFO]: Changed the block at -2022, 70, 429
[06:28:26] [Server thread/INFO]: Changed the block at -2022, 71, 387
[06:28:26] [Server thread/INFO]: Changed the block at -2022, 71, 388
[06:28:26] [Server thread/INFO]: Changed the block at -2021, 70, 387
[06:28:26] [Server thread/INFO]: Changed the block at -2021, 70, 388
[06:28:26] [Server thread/INFO]: Changed the block at -2021, 70, 389
[06:28:26] [Server thread/INFO]: Changed the block at -2021, 70, 390
[06:28:26] [Server thread/INFO]: Changed the block at -2021, 70, 391
[06:28:26] [Server thread/INFO]: Changed the block at -2021, 70, 392
[06:28:26] [Server thread/INFO]: Changed the block at -2021, 70, 393
[06:28:26] [Server thread/INFO]: Changed the block at -2021, 70, 394
[06:28:26] [Server thread/INFO]: Changed the block at -2021, 70, 395
[06:28:26] [Server thread/INFO]: Changed the block at -2021, 70, 396
[06:28:26] [Server thread/INFO]: Changed the block at -2021, 70, 397
[06:28:26] [Server thread/INFO]: Changed the block at -2021, 70, 398
[06:28:26] [Server thread/INFO]: Changed the block at -2021, 70, 399
[06:28:26] [Server thread/INFO]: Changed the block at -2021, 70, 400
[06:28:26] [Server thread/INFO]: Changed the block at -2021, 70, 401
[06:28:26] [Server thread/INFO]: Changed the block at -2021, 70, 402
[06:28:26] [Server thread/INFO]: Changed the block at -2021, 70, 403
[06:28:26] [Server thread/INFO]: Changed the block at -2021, 70, 404
[06:28:26] [Server thread/INFO]: Changed the block at -2021, 70, 405
[06:28:26] [Server thread/INFO]: Changed the block at -2021, 70, 406
[06:28:26] [Server thread/INFO]: Changed the block at -2021, 70, 407
[06:28:26] [Server thread/INFO]: Changed the block at -2021, 70, 408
[06:28:26] [Server thread/INFO]: Changed the block at -2021, 70, 409
[06:28:26] [Server thread/INFO]: Changed the block at -2021, 70, 410
[06:28:26] [Server thread/INFO]: Changed the block at -2021, 70, 411
[06:28:26] [Server thread/INFO]: Changed the block at -2021, 70, 412
[06:28:26] [Server thread/INFO]: Changed the block at -2021, 70, 413
[06:28:26] [Server thread/INFO]: Changed the block at -2021, 70, 414
[06:28:26] [Server thread/INFO]: Changed the block at -2021, 70, 415
[06:28:26] [Server thread/INFO]: Changed the block at -2021, 70, 416
[06:28:26] [Server thread/INFO]: Changed the block at -2021, 70, 417
[06:28:26] [Server thread/INFO]: Changed the block at -2021, 70, 418
[06:28:26] [Server thread/INFO]: Changed the block at -2021, 70, 419
[06:28:26] [Server thread/INFO]: Changed the block at -2021, 70, 420
[06:28:26] [Server thread/INFO]: Changed the block at -2021, 70, 421
[06:28:26] [Server thread/INFO]: Changed the block at -2021, 70, 422
[06:28:26] [Server thread/INFO]: Changed the block at -2021, 70, 423
[06:28:26] [Server thread/INFO]: Changed the block at -2021, 70, 424
[06:28:26] [Server thread/INFO]: Changed the block at -2021, 70, 425
[06:28:26] [Server thread/INFO]: Changed the block at -2021, 70, 426
[06:28:26] [Server thread/INFO]: Changed the block at -2021, 70, 427
[06:28:26] [Server thread/INFO]: Changed the block at -2021, 70, 428
[06:28:26] [Server thread/INFO]: Changed the block at -2021, 70, 429
[06:28:26] [Server thread/INFO]: Changed the block at -2021, 71, 387
[06:28:26] [Server thread/INFO]: Changed the block at -2021, 71, 389
[06:28:26] [Server thread/INFO]: Changed the block at -2021, 71, 390
[06:28:26] [Server thread/INFO]: Changed the block at -2021, 71, 392
[06:28:26] [Server thread/INFO]: Changed the block at -2021, 71, 400
[06:28:26] [Server thread/INFO]: Changed the block at -2021, 71, 403
[06:28:26] [Server thread/INFO]: Changed the block at -2021, 71, 405
[06:28:26] [Server thread/INFO]: Changed the block at -2021, 71, 406
[06:28:26] [Server thread/INFO]: Changed the block at -2021, 71, 409
[06:28:26] [Server thread/INFO]: Changed the block at -2021, 71, 412
[06:28:26] [Server thread/INFO]: Changed the block at -2021, 71, 416
[06:28:26] [Server thread/INFO]: Changed the block at -2021, 71, 418
[06:28:26] [Server thread/INFO]: Changed the block at -2021, 71, 419
[06:28:26] [Server thread/INFO]: Changed the block at -2021, 71, 422
[06:28:26] [Server thread/INFO]: Changed the block at -2021, 71, 424
[06:28:26] [Server thread/INFO]: Could not set the block
[06:28:26] [Server thread/INFO]: Could not set the block
[06:28:26] [Server thread/INFO]: Could not set the block
[06:28:26] [Server thread/INFO]: Could not set the block
[06:28:26] [Server thread/INFO]: Could not set the block
[06:28:26] [Server thread/INFO]: Changed the block at -2020, 70, 387
[06:28:26] [Server thread/INFO]: Changed the block at -2020, 70, 388
[06:28:26] [Server thread/INFO]: Changed the block at -2020, 70, 389
[06:28:26] [Server thread/INFO]: Changed the block at -2020, 70, 390
[06:28:26] [Server thread/INFO]: Changed the block at -2020, 70, 391
[06:28:26] [Server thread/INFO]: Changed the block at -2020, 70, 392
[06:28:26] [Server thread/INFO]: Changed the block at -2020, 70, 393
[06:28:26] [Server thread/INFO]: Changed the block at -2020, 70, 394
[06:28:26] [Server thread/INFO]: Changed the block at -2020, 70, 395
[06:28:26] [Server thread/INFO]: Changed the block at -2020, 70, 396
[06:28:26] [Server thread/INFO]: Changed the block at -2020, 70, 397
[06:28:26] [Server thread/INFO]: Changed the block at -2020, 70, 398
[06:28:26] [Server thread/INFO]: Changed the block at -2020, 70, 399
[06:28:26] [Server thread/INFO]: Changed the block at -2020, 70, 400
[06:28:26] [Server thread/INFO]: Changed the block at -2020, 70, 401
[06:28:26] [Server thread/INFO]: Changed the block at -2020, 70, 402
[06:28:26] [Server thread/INFO]: Changed the block at -2020, 70, 403
[06:28:26] [Server thread/INFO]: Changed the block at -2020, 70, 404
[06:28:26] [Server thread/INFO]: Changed the block at -2020, 70, 405
[06:28:26] [Server thread/INFO]: Changed the block at -2020, 70, 406
[06:28:26] [Server thread/INFO]: Changed the block at -2020, 70, 407
[06:28:26] [Server thread/INFO]: Changed the block at -2020, 70, 408
[06:28:26] [Server thread/INFO]: Changed the block at -2020, 70, 409
[06:28:26] [Server thread/INFO]: Changed the block at -2020, 70, 410
[06:28:26] [Server thread/INFO]: Changed the block at -2020, 70, 411
[06:28:26] [Server thread/INFO]: Changed the block at -2020, 70, 412
[06:28:26] [Server thread/INFO]: Changed the block at -2020, 70, 413
[06:28:26] [Server thread/INFO]: Changed the block at -2020, 70, 414
[06:28:26] [Server thread/INFO]: Changed the block at -2020, 70, 415
[06:28:26] [Server thread/INFO]: Changed the block at -2020, 70, 416
[06:28:26] [Server thread/INFO]: Changed the block at -2020, 70, 417
[06:28:26] [Server thread/INFO]: Changed the block at -2020, 70, 418
[06:28:26] [Server thread/INFO]: Changed the block at -2020, 70, 419
[06:28:26] [Server thread/INFO]: Changed the block at -2020, 70, 420
[06:28:26] [Server thread/INFO]: Changed the block at -2020, 70, 421
[06:28:26] [Server thread/INFO]: Changed the block at -2020, 70, 422
[06:28:26] [Server thread/INFO]: Changed the block at -2020, 70, 423
[06:28:26] [Server thread/INFO]: Changed the block at -2020, 70, 424
[06:28:26] [Server thread/INFO]: Changed the block at -2020, 70, 425
[06:28:26] [Server thread/INFO]: Changed the block at -2020, 70, 426
[06:28:26] [Server thread/INFO]: Changed the block at -2020, 70, 427
[06:28:26] [Server thread/INFO]: Changed the block at -2020, 70, 428
[06:28:26] [Server thread/INFO]: Changed the block at -2020, 70, 429
[06:28:26] [Server thread/INFO]: Changed the block at -2020, 70, 463
[06:28:26] [Server thread/INFO]: Changed the block at -2020, 71, 392
[06:28:26] [Server thread/INFO]: Changed the block at -2020, 71, 393
[06:28:26] [Server thread/INFO]: Changed the block at -2020, 71, 395
[06:28:26] [Server thread/INFO]: Changed the block at -2020, 71, 396
[06:28:26] [Server thread/INFO]: Changed the block at -2020, 71, 399
[06:28:26] [Server thread/INFO]: Changed the block at -2020, 71, 400
[06:28:26] [Server thread/INFO]: Changed the block at -2020, 71, 401
[06:28:26] [Server thread/INFO]: Changed the block at -2020, 71, 402
[06:28:26] [Server thread/INFO]: Changed the block at -2020, 71, 414
[06:28:26] [Server thread/INFO]: Changed the block at -2020, 71, 415
[06:28:26] [Server thread/INFO]: Changed the block at -2020, 71, 417
[06:28:26] [Server thread/INFO]: Changed the block at -2020, 71, 419
[06:28:26] [Server thread/INFO]: Changed the block at -2020, 71, 420
[06:28:26] [Server thread/INFO]: Changed the block at -2020, 71, 422
[06:28:26] [Server thread/INFO]: Changed the block at -2020, 71, 423
[06:28:26] [Server thread/INFO]: Changed the block at -2020, 71, 424
[06:28:26] [Server thread/INFO]: Could not set the block
[06:28:26] [Server thread/INFO]: Could not set the block
[06:28:26] [Server thread/INFO]: Could not set the block
[06:28:26] [Server thread/INFO]: Changed the block at -2020, 71, 430
[06:28:26] [Server thread/INFO]: Changed the block at -2020, 71, 463
[06:28:26] [Server thread/INFO]: Could not set the block
[06:28:26] [Server thread/INFO]: Could not set the block
[06:28:26] [Server thread/INFO]: Could not set the block
[06:28:26] [Server thread/INFO]: Could not set the block
[06:28:26] [Server thread/INFO]: Could not set the block
[06:28:26] [Server thread/INFO]: Could not set the block
[06:28:26] [Server thread/INFO]: Changed the block at -2020, 72, 430
[06:28:26] [Server thread/INFO]: Changed the block at -2019, 70, 389
[06:28:26] [Server thread/INFO]: Changed the block at -2019, 70, 390
[06:28:26] [Server thread/INFO]: Changed the block at -2019, 70, 391
[06:28:26] [Server thread/INFO]: Changed the block at -2019, 70, 392
[06:28:26] [Server thread/INFO]: Changed the block at -2019, 70, 393
[06:28:26] [Server thread/INFO]: Changed the block at -2019, 70, 394
[06:28:26] [Server thread/INFO]: Changed the block at -2019, 70, 395
[06:28:26] [Server thread/INFO]: Changed the block at -2019, 70, 396
[06:28:26] [Server thread/INFO]: Changed the block at -2019, 70, 397
[06:28:26] [Server thread/INFO]: Changed the block at -2019, 70, 398
[06:28:26] [Server thread/INFO]: Changed the block at -2019, 70, 399
[06:28:26] [Server thread/INFO]: Changed the block at -2019, 70, 400
[06:28:26] [Server thread/INFO]: Changed the block at -2019, 70, 401
[06:28:26] [Server thread/INFO]: Changed the block at -2019, 70, 402
[06:28:26] [Server thread/INFO]: Changed the block at -2019, 70, 403
[06:28:26] [Server thread/INFO]: Changed the block at -2019, 70, 404
[06:28:26] [Server thread/INFO]: Changed the block at -2019, 70, 405
[06:28:26] [Server thread/INFO]: Changed the block at -2019, 70, 406
[06:28:26] [Server thread/INFO]: Changed the block at -2019, 70, 407
[06:28:26] [Server thread/INFO]: Changed the block at -2019, 70, 408
[06:28:26] [Server thread/INFO]: Changed the block at -2019, 70, 409
[06:28:26] [Server thread/INFO]: Changed the block at -2019, 70, 410
[06:28:26] [Server thread/INFO]: Changed the block at -2019, 70, 411
[06:28:26] [Server thread/INFO]: Changed the block at -2019, 70, 412
[06:28:26] [Server thread/INFO]: Changed the block at -2019, 70, 413
[06:28:26] [Server thread/INFO]: Changed the block at -2019, 70, 414
[06:28:26] [Server thread/INFO]: Changed the block at -2019, 70, 415
[06:28:26] [Server thread/INFO]: Changed the block at -2019, 70, 416
[06:28:26] [Server thread/INFO]: Changed the block at -2019, 70, 417
[06:28:26] [Server thread/INFO]: Changed the block at -2019, 70, 418
[06:28:26] [Server thread/INFO]: Changed the block at -2019, 70, 419
[06:28:26] [Server thread/INFO]: Changed the block at -2019, 70, 420
[06:28:26] [Server thread/INFO]: Changed the block at -2019, 70, 421
[06:28:26] [Server thread/INFO]: Changed the block at -2019, 70, 422
[06:28:26] [Server thread/INFO]: Changed the block at -2019, 70, 423
[06:28:26] [Server thread/INFO]: Changed the block at -2019, 70, 424
[06:28:26] [Server thread/INFO]: Changed the block at -2019, 70, 425
[06:28:26] [Server thread/INFO]: Changed the block at -2019, 70, 426
[06:28:26] [Server thread/INFO]: Changed the block at -2019, 70, 427
[06:28:26] [Server thread/INFO]: Changed the block at -2019, 70, 428
[06:28:26] [Server thread/INFO]: Changed the block at -2019, 70, 429
[06:28:26] [Server thread/INFO]: Changed the block at -2019, 71, 395
[06:28:26] [Server thread/INFO]: Changed the block at -2019, 71, 398
[06:28:26] [Server thread/INFO]: Changed the block at -2019, 71, 401
[06:28:26] [Server thread/INFO]: Changed the block at -2019, 71, 404
[06:28:26] [Server thread/INFO]: Changed the block at -2019, 71, 407
[06:28:26] [Server thread/INFO]: Changed the block at -2019, 71, 411
[06:28:26] [Server thread/INFO]: Changed the block at -2019, 71, 416
[06:28:26] [Server thread/INFO]: Changed the block at -2019, 71, 419
[06:28:26] [Server thread/INFO]: Changed the block at -2019, 71, 420
[06:28:26] [Server thread/INFO]: Changed the block at -2019, 71, 423
[06:28:26] [Server thread/INFO]: Changed the block at -2019, 71, 424
[06:28:26] [Server thread/INFO]: Changed the block at -2019, 71, 428
[06:28:26] [Server thread/INFO]: Could not set the block
[06:28:26] [Server thread/INFO]: Could not set the block
[06:28:26] [Server thread/INFO]: Could not set the block
[06:28:26] [Server thread/INFO]: Could not set the block
[06:28:26] [Server thread/INFO]: Could not set the block
[06:28:26] [Server thread/INFO]: Changed the block at -2018, 70, 427
[06:28:26] [Server thread/INFO]: Changed the block at -2018, 71, 392
[06:28:26] [Server thread/INFO]: Changed the block at -2018, 71, 396
[06:28:26] [Server thread/INFO]: Changed the block at -2018, 71, 428
[06:28:26] [Server thread/INFO]: Changed the block at -2018, 71, 429
[06:28:26] [Server thread/INFO]: Changed the block at -2018, 72, 392
[06:28:26] [Server thread/INFO]: Changed the block at -2018, 72, 396
[06:28:26] [Server thread/INFO]: Changed the block at -2017, 70, 427
[06:28:26] [Server thread/INFO]: Changed the block at -2017, 71, 428
[06:28:26] [Server thread/INFO]: Changed the block at -2017, 71, 429
[06:28:26] [Server thread/INFO]: Changed the block at -2017, 72, 429
[06:28:26] [Server thread/INFO]: Changed the block at -2016, 71, 427
[06:28:26] [Server thread/INFO]: Changed the block at -2016, 71, 428
[06:28:26] [Server thread/INFO]: Changed the block at -2016, 71, 429
[06:28:26] [Server thread/INFO]: Changed the block at -2016, 72, 429
[06:28:26] [Server thread/INFO]: Changed the block at -2015, 71, 427
[06:28:26] [Server thread/INFO]: Changed the block at -2015, 71, 428
[06:28:26] [Server thread/INFO]: Changed the block at -2015, 71, 429
[06:28:26] [Server thread/INFO]: Changed the block at -2015, 72, 428
[06:28:26] [Server thread/INFO]: Changed the block at -2015, 72, 429
[06:28:26] [Server thread/INFO]: Changed the block at -2014, 71, 427
[06:28:26] [Server thread/INFO]: Changed the block at -2014, 71, 428
[06:28:26] [Server thread/INFO]: Changed the block at -2014, 71, 429
[06:28:26] [Server thread/INFO]: Changed the block at -2014, 72, 427
[06:28:26] [Server thread/INFO]: Changed the block at -2014, 72, 428
[06:28:26] [Server thread/INFO]: Changed the block at -2014, 72, 429
[06:28:26] [Server thread/INFO]: Changed the block at -2013, 71, 427
[06:28:26] [Server thread/INFO]: Changed the block at -2013, 71, 428
[06:28:26] [Server thread/INFO]: Changed the block at -2013, 71, 429
[06:28:26] [Server thread/INFO]: Changed the block at -2013, 72, 427
[06:28:26] [Server thread/INFO]: Changed the block at -2013, 72, 429
[06:28:26] [Server thread/INFO]: Changed the block at -2012, 71, 427
[06:28:26] [Server thread/INFO]: Changed the block at -2012, 71, 428
[06:28:26] [Server thread/INFO]: Changed the block at -2012, 71, 429
[06:28:26] [Server thread/INFO]: Changed the block at -2011, 71, 427
[06:28:26] [Server thread/INFO]: Changed the block at -2011, 71, 428
[06:28:26] [Server thread/INFO]: Changed the block at -2011, 71, 429
[06:28:26] [Server thread/INFO]: Changed the block at -2011, 72, 427
[06:28:26] [Server thread/INFO]: Changed the block at -2011, 72, 428
[06:28:26] [Server thread/INFO]: Changed the block at -2010, 71, 428
[06:28:26] [Server thread/INFO]: Changed the block at -2010, 71, 429
[06:28:26] [Server thread/INFO]: Changed the block at -2010, 72, 427
[06:28:26] [Server thread/INFO]: Changed the block at -2009, 71, 427
[06:28:26] [Server thread/INFO]: Changed the block at -2009, 71, 428
[06:28:26] [Server thread/INFO]: Changed the block at -2009, 71, 429
[06:28:26] [Server thread/INFO]: Changed the block at -2009, 72, 428
[06:28:26] [Server thread/INFO]: Changed the block at -2009, 72, 429
[06:28:26] [Server thread/INFO]: Changed the block at -2008, 70, 463
[06:28:26] [Server thread/INFO]: Changed the block at -2008, 71, 427
[06:28:26] [Server thread/INFO]: Changed the block at -2008, 71, 428
[06:28:26] [Server thread/INFO]: Changed the block at -2008, 71, 429
[06:28:26] [Server thread/INFO]: Changed the block at -2008, 71, 463
[06:28:26] [Server thread/INFO]: Changed the block at -2008, 72, 392
[06:28:26] [Server thread/INFO]: Changed the block at -2008, 72, 429
[06:28:26] [Server thread/INFO]: Changed the block at -2008, 73, 392
[06:28:26] [Server thread/INFO]: Changed the block at -2007, 71, 427
[06:28:26] [Server thread/INFO]: Changed the block at -2007, 71, 428
[06:28:26] [Server thread/INFO]: Changed the block at -2007, 71, 429
[06:28:26] [Server thread/INFO]: Changed the block at -2006, 71, 427
[06:28:26] [Server thread/INFO]: Changed the block at -2006, 71, 428
[06:28:26] [Server thread/INFO]: Changed the block at -2006, 71, 429
[06:28:26] [Server thread/INFO]: Changed the block at -2006, 72, 428
[06:28:26] [Server thread/INFO]: Changed the block at -2005, 71, 427
[06:28:26] [Server thread/INFO]: Changed the block at -2005, 71, 428
[06:28:26] [Server thread/INFO]: Changed the block at -2005, 71, 429
[06:28:26] [Server thread/INFO]: Changed the block at -2004, 71, 427
[06:28:26] [Server thread/INFO]: Changed the block at -2004, 71, 428
[06:28:26] [Server thread/INFO]: Changed the block at -2004, 71, 429
[06:28:26] [Server thread/INFO]: Changed the block at -2004, 72, 427
[06:28:26] [Server thread/INFO]: Changed the block at -2004, 72, 429
[06:28:26] [Server thread/INFO]: Changed the block at -2003, 71, 427
[06:28:26] [Server thread/INFO]: Changed the block at -2003, 71, 428
[06:28:26] [Server thread/INFO]: Changed the block at -2003, 71, 429
[06:28:26] [Server thread/INFO]: Changed the block at -2003, 72, 427
[06:28:26] [Server thread/INFO]: Changed the block at -2003, 72, 428
[06:28:26] [Server thread/INFO]: Changed the block at -2003, 72, 429
[06:28:26] [Server thread/INFO]: Changed the block at -2002, 72, 427
[06:28:26] [Server thread/INFO]: Changed the block at -2002, 72, 428
[06:28:26] [Server thread/INFO]: Changed the block at -2002, 72, 429
[06:28:26] [Server thread/INFO]: Changed the block at -2002, 73, 428
[06:28:26] [Server thread/INFO]: Changed the block at -2002, 73, 429
[06:28:26] [Server thread/INFO]: Could not set the block
[06:28:26] [Server thread/INFO]: Changed the block at -2001, 72, 427
[06:28:26] [Server thread/INFO]: Changed the block at -2001, 72, 428
[06:28:26] [Server thread/INFO]: Changed the block at -2001, 72, 429
[06:28:26] [Server thread/INFO]: Changed the block at -2001, 73, 429
[06:28:26] [Server thread/INFO]: Could not set the block
[06:28:26] [Server thread/INFO]: Changed the block at -2000, 72, 427
[06:28:26] [Server thread/INFO]: Changed the block at -2000, 72, 428
[06:28:26] [Server thread/INFO]: Changed the block at -2000, 72, 429
[06:28:26] [Server thread/INFO]: Changed the block at -2000, 73, 428
[06:28:26] [Server thread/INFO]: Changed the block at -1999, 72, 427
[06:28:26] [Server thread/INFO]: Changed the block at -1999, 72, 428
[06:28:26] [Server thread/INFO]: Changed the block at -1999, 72, 429
[06:28:26] [Server thread/INFO]: Changed the block at -1998, 72, 427
[06:28:26] [Server thread/INFO]: Changed the block at -1998, 72, 428
[06:28:26] [Server thread/INFO]: Changed the block at -1998, 72, 429
[06:28:26] [Server thread/INFO]: Changed the block at -1997, 72, 427
[06:28:26] [Server thread/INFO]: Changed the block at -1997, 72, 428
[06:28:26] [Server thread/INFO]: Changed the block at -1997, 72, 429
[06:28:26] [Server thread/INFO]: Changed the block at -1997, 73, 427
[06:28:26] [Server thread/INFO]: Changed the block at -1996, 70, 463
[06:28:26] [Server thread/INFO]: Changed the block at -1996, 71, 463
[06:28:26] [Server thread/INFO]: Changed the block at -1996, 72, 427
[06:28:26] [Server thread/INFO]: Changed the block at -1996, 72, 428
[06:28:26] [Server thread/INFO]: Changed the block at -1996, 72, 429
[06:28:26] [Server thread/INFO]: Changed the block at -1996, 73, 392
[06:28:26] [Server thread/INFO]: Changed the block at -1996, 73, 428
[06:28:26] [Server thread/INFO]: Changed the block at -1996, 74, 392
[06:28:26] [Server thread/INFO]: Changed the block at -1995, 72, 427
[06:28:26] [Server thread/INFO]: Changed the block at -1995, 72, 428
[06:28:26] [Server thread/INFO]: Changed the block at -1995, 72, 429
[06:28:26] [Server thread/INFO]: Changed the block at -1995, 73, 427
[06:28:26] [Server thread/INFO]: Changed the block at -1994, 72, 427
[06:28:26] [Server thread/INFO]: Changed the block at -1994, 72, 428
[06:28:26] [Server thread/INFO]: Changed the block at -1994, 72, 429
[06:28:26] [Server thread/INFO]: Changed the block at -1993, 72, 427
[06:28:26] [Server thread/INFO]: Changed the block at -1993, 72, 428
[06:28:26] [Server thread/INFO]: Changed the block at -1993, 72, 429
[06:28:26] [Server thread/INFO]: Changed the block at -1993, 73, 427
[06:28:26] [Server thread/INFO]: Changed the block at -1992, 72, 427
[06:28:26] [Server thread/INFO]: Changed the block at -1992, 72, 428
[06:28:26] [Server thread/INFO]: Changed the block at -1992, 72, 429
[06:28:26] [Server thread/INFO]: Changed the block at -1992, 73, 429
[06:28:26] [Server thread/INFO]: Changed the block at -1991, 72, 427
[06:28:26] [Server thread/INFO]: Changed the block at -1991, 72, 428
[06:28:26] [Server thread/INFO]: Changed the block at -1991, 72, 429
[06:28:26] [Server thread/INFO]: Changed the block at -1991, 73, 429
[06:28:26] [Server thread/INFO]: Changed the block at -1990, 72, 427
[06:28:26] [Server thread/INFO]: Changed the block at -1990, 72, 428
[06:28:26] [Server thread/INFO]: Changed the block at -1990, 72, 429
[06:28:26] [Server thread/INFO]: Changed the block at -1990, 73, 428
[06:28:26] [Server thread/INFO]: Changed the block at -1989, 72, 427
[06:28:26] [Server thread/INFO]: Changed the block at -1989, 72, 428
[06:28:26] [Server thread/INFO]: Changed the block at -1989, 72, 429
[06:28:26] [Server thread/INFO]: Changed the block at -1989, 73, 427
[06:28:26] [Server thread/INFO]: Changed the block at -1988, 72, 427
[06:28:26] [Server thread/INFO]: Changed the block at -1988, 72, 428
[06:28:26] [Server thread/INFO]: Changed the block at -1988, 72, 429
[06:28:26] [Server thread/INFO]: Changed the block at -1988, 72, 430
[06:28:26] [Server thread/INFO]: Changed the block at -1988, 73, 430
[06:28:26] [Server thread/INFO]: Changed the block at -1987, 71, 428
[06:28:26] [Server thread/INFO]: Changed the block at -1987, 72, 426
[06:28:26] [Server thread/INFO]: Changed the block at -1987, 72, 427
[06:28:26] [Server thread/INFO]: Changed the block at -1987, 72, 428
[06:28:26] [Server thread/INFO]: Changed the block at -1987, 73, 427
[06:28:26] [Server thread/INFO]: Changed the block at -1986, 71, 427
[06:28:26] [Server thread/INFO]: Changed the block at -1986, 71, 428
[06:28:26] [Server thread/INFO]: Changed the block at -1986, 72, 425
[06:28:26] [Server thread/INFO]: Changed the block at -1986, 72, 426
[06:28:26] [Server thread/INFO]: Changed the block at -1986, 72, 427
[06:28:26] [Server thread/INFO]: Changed the block at -1986, 73, 426
[06:28:26] [Server thread/INFO]: Changed the block at -1985, 71, 426
[06:28:26] [Server thread/INFO]: Changed the block at -1985, 71, 427
[06:28:26] [Server thread/INFO]: Changed the block at -1985, 71, 452
[06:28:26] [Server thread/INFO]: Changed the block at -1985, 72, 424
[06:28:26] [Server thread/INFO]: Changed the block at -1985, 72, 425
[06:28:26] [Server thread/INFO]: Changed the block at -1985, 72, 426
[06:28:26] [Server thread/INFO]: Changed the block at -1985, 72, 428
[06:28:26] [Server thread/INFO]: Changed the block at -1985, 72, 440
[06:28:26] [Server thread/INFO]: Changed the block at -1985, 72, 452
[06:28:26] [Server thread/INFO]: Changed the block at -1985, 73, 392
[06:28:26] [Server thread/INFO]: Changed the block at -1985, 73, 428
[06:28:26] [Server thread/INFO]: Changed the block at -1985, 73, 440
[06:28:26] [Server thread/INFO]: Changed the block at -1985, 74, 392
[06:28:26] [Server thread/INFO]: Changed the block at -1985, 74, 404
[06:28:26] [Server thread/INFO]: Changed the block at -1985, 74, 416
[06:28:26] [Server thread/INFO]: Changed the block at -1985, 75, 404
[06:28:26] [Server thread/INFO]: Changed the block at -1985, 75, 416
[06:28:26] [Server thread/INFO]: Changed the block at -1984, 71, 425
[06:28:26] [Server thread/INFO]: Changed the block at -1984, 71, 426
[06:28:26] [Server thread/INFO]: Changed the block at -1984, 72, 423
[06:28:26] [Server thread/INFO]: Changed the block at -1984, 72, 424
[06:28:26] [Server thread/INFO]: Changed the block at -1984, 72, 425
[06:28:26] [Server thread/INFO]: Changed the block at -1984, 72, 426
[06:28:26] [Server thread/INFO]: Changed the block at -1984, 73, 423
[06:28:26] [Server thread/INFO]: Changed the block at -1983, 71, 425
[06:28:26] [Server thread/INFO]: Changed the block at -1983, 72, 422
[06:28:26] [Server thread/INFO]: Changed the block at -1983, 72, 423
[06:28:26] [Server thread/INFO]: Changed the block at -1983, 72, 424
[06:28:26] [Server thread/INFO]: Changed the block at -1982, 72, 421
[06:28:26] [Server thread/INFO]: Changed the block at -1982, 72, 422
[06:28:26] [Server thread/INFO]: Changed the block at -1982, 72, 423
[06:28:26] [Server thread/INFO]: Changed the block at -1982, 72, 424
[06:28:26] [Server thread/INFO]: Changed the block at -1982, 73, 423
[06:28:26] [Server thread/INFO]: Changed the block at -1981, 72, 420
[06:28:26] [Server thread/INFO]: Changed the block at -1981, 72, 421
[06:28:26] [Server thread/INFO]: Changed the block at -1981, 72, 422
[06:28:26] [Server thread/INFO]: Changed the block at -1981, 72, 423
[06:28:26] [Server thread/INFO]: Changed the block at -1981, 73, 420
[06:28:26] [Server thread/INFO]: Changed the block at -1981, 73, 421
[06:28:26] [Server thread/INFO]: Changed the block at -1981, 73, 423
[06:28:26] [Server thread/INFO]: Changed the block at -1980, 72, 419
[06:28:26] [Server thread/INFO]: Changed the block at -1980, 72, 420
[06:28:26] [Server thread/INFO]: Changed the block at -1980, 72, 421
[06:28:26] [Server thread/INFO]: Changed the block at -1980, 72, 422
[06:28:26] [Server thread/INFO]: Changed the block at -1980, 73, 420
[06:28:26] [Server thread/INFO]: Changed the block at -1979, 72, 418
[06:28:26] [Server thread/INFO]: Changed the block at -1979, 72, 419
[06:28:26] [Server thread/INFO]: Changed the block at -1979, 72, 420
[06:28:26] [Server thread/INFO]: Changed the block at -1979, 72, 421
[06:28:26] [Server thread/INFO]: Changed the block at -1978, 72, 417
[06:28:26] [Server thread/INFO]: Changed the block at -1978, 72, 418
[06:28:26] [Server thread/INFO]: Changed the block at -1978, 72, 419
[06:28:26] [Server thread/INFO]: Changed the block at -1978, 72, 420
[06:28:26] [Server thread/INFO]: Changed the block at -1978, 73, 417
[06:28:26] [Server thread/INFO]: Changed the block at -1978, 73, 420
[06:28:26] [Server thread/INFO]: Changed the block at -1977, 72, 416
[06:28:26] [Server thread/INFO]: Changed the block at -1977, 72, 417
[06:28:26] [Server thread/INFO]: Changed the block at -1977, 72, 418
[06:28:26] [Server thread/INFO]: Changed the block at -1977, 72, 419
[06:28:26] [Server thread/INFO]: Changed the block at -1977, 73, 419
[06:28:26] [Server thread/INFO]: Changed the block at -1976, 72, 416
[06:28:26] [Server thread/INFO]: Changed the block at -1976, 72, 417
[06:28:26] [Server thread/INFO]: Changed the block at -1976, 72, 418
[06:28:26] [Server thread/INFO]: Changed the block at -1976, 73, 415
[06:28:26] [Server thread/INFO]: Changed the block at -1976, 74, 415
[06:28:26] [Server thread/INFO]: Changed the block at -1975, 72, 416
[06:28:26] [Server thread/INFO]: Changed the block at -1975, 72, 417
[06:28:26] [Server thread/INFO]: Changed the block at -1975, 73, 414
[06:28:26] [Server thread/INFO]: Changed the block at -1975, 73, 415
[06:28:26] [Server thread/INFO]: Changed the block at -1975, 73, 416
[06:28:26] [Server thread/INFO]: Changed the block at -1974, 73, 413
[06:28:26] [Server thread/INFO]: Changed the block at -1974, 73, 414
[06:28:26] [Server thread/INFO]: Changed the block at -1974, 73, 415
[06:28:26] [Server thread/INFO]: Changed the block at -1974, 73, 416
[06:28:26] [Server thread/INFO]: Changed the block at -1974, 74, 413
[06:28:26] [Server thread/INFO]: Changed the block at -1973, 68, 396
[06:28:26] [Server thread/INFO]: Changed the block at -1973, 68, 397
[06:28:26] [Server thread/INFO]: Changed the block at -1973, 68, 398
[06:28:26] [Server thread/INFO]: Changed the block at -1973, 69, 399
[06:28:26] [Server thread/INFO]: Changed the block at -1973, 69, 400
[06:28:26] [Server thread/INFO]: Changed the block at -1973, 69, 401
[06:28:26] [Server thread/INFO]: Changed the block at -1973, 70, 402
[06:28:26] [Server thread/INFO]: Changed the block at -1973, 70, 403
[06:28:26] [Server thread/INFO]: Changed the block at -1973, 71, 404
[06:28:26] [Server thread/INFO]: Changed the block at -1973, 72, 404
[06:28:26] [Server thread/INFO]: Changed the block at -1973, 72, 405
[06:28:26] [Server thread/INFO]: Changed the block at -1973, 72, 406
[06:28:26] [Server thread/INFO]: Changed the block at -1973, 73, 407
[06:28:26] [Server thread/INFO]: Changed the block at -1973, 73, 408
[06:28:26] [Server thread/INFO]: Changed the block at -1973, 73, 409
[06:28:26] [Server thread/INFO]: Changed the block at -1973, 73, 410
[06:28:26] [Server thread/INFO]: Changed the block at -1973, 73, 411
[06:28:26] [Server thread/INFO]: Changed the block at -1973, 73, 412
[06:28:26] [Server thread/INFO]: Changed the block at -1973, 73, 413
[06:28:26] [Server thread/INFO]: Changed the block at -1973, 73, 414
[06:28:26] [Server thread/INFO]: Changed the block at -1973, 73, 415
[06:28:26] [Server thread/INFO]: Changed the block at -1973, 74, 413
[06:28:26] [Server thread/INFO]: Changed the block at -1972, 68, 396
[06:28:26] [Server thread/INFO]: Changed the block at -1972, 68, 397
[06:28:26] [Server thread/INFO]: Changed the block at -1972, 68, 398
[06:28:26] [Server thread/INFO]: Changed the block at -1972, 68, 399
[06:28:26] [Server thread/INFO]: Changed the block at -1972, 69, 396
[06:28:26] [Server thread/INFO]: Changed the block at -1972, 69, 399
[06:28:26] [Server thread/INFO]: Changed the block at -1972, 69, 400
[06:28:26] [Server thread/INFO]: Changed the block at -1972, 69, 401
[06:28:26] [Server thread/INFO]: Changed the block at -1972, 69, 402
[06:28:26] [Server thread/INFO]: Changed the block at -1972, 70, 402
[06:28:26] [Server thread/INFO]: Changed the block at -1972, 70, 403
[06:28:26] [Server thread/INFO]: Changed the block at -1972, 70, 404
[06:28:26] [Server thread/INFO]: Changed the block at -1972, 71, 404
[06:28:26] [Server thread/INFO]: Changed the block at -1972, 71, 405
[06:28:26] [Server thread/INFO]: Changed the block at -1972, 72, 405
[06:28:26] [Server thread/INFO]: Changed the block at -1972, 72, 406
[06:28:26] [Server thread/INFO]: Changed the block at -1972, 72, 407
[06:28:26] [Server thread/INFO]: Changed the block at -1972, 73, 407
[06:28:26] [Server thread/INFO]: Changed the block at -1972, 73, 408
[06:28:26] [Server thread/INFO]: Changed the block at -1972, 73, 409
[06:28:26] [Server thread/INFO]: Changed the block at -1972, 73, 410
[06:28:26] [Server thread/INFO]: Changed the block at -1972, 73, 411
[06:28:26] [Server thread/INFO]: Changed the block at -1972, 73, 412
[06:28:26] [Server thread/INFO]: Changed the block at -1972, 73, 413
[06:28:26] [Server thread/INFO]: Changed the block at -1972, 73, 414
[06:28:26] [Server thread/INFO]: Changed the block at -1972, 74, 409
[06:28:26] [Server thread/INFO]: Changed the block at -1972, 74, 411
[06:28:26] [Server thread/INFO]: Changed the block at -1972, 74, 412
[06:28:26] [Server thread/INFO]: Changed the block at -1971, 68, 396
[06:28:26] [Server thread/INFO]: Changed the block at -1971, 68, 397
[06:28:26] [Server thread/INFO]: Changed the block at -1971, 69, 396
[06:28:26] [Server thread/INFO]: Changed the block at -1971, 69, 398
[06:28:26] [Server thread/INFO]: Changed the block at -1971, 69, 399
[06:28:26] [Server thread/INFO]: Changed the block at -1971, 69, 400
[06:28:26] [Server thread/INFO]: Changed the block at -1971, 69, 401
[06:28:26] [Server thread/INFO]: Changed the block at -1971, 70, 402
[06:28:26] [Server thread/INFO]: Changed the block at -1971, 70, 403
[06:28:26] [Server thread/INFO]: Changed the block at -1971, 71, 404
[06:28:26] [Server thread/INFO]: Changed the block at -1971, 72, 405
[06:28:26] [Server thread/INFO]: Changed the block at -1971, 72, 406
[06:28:26] [Server thread/INFO]: Changed the block at -1971, 73, 407
[06:28:26] [Server thread/INFO]: Changed the block at -1971, 73, 408
[06:28:26] [Server thread/INFO]: Changed the block at -1971, 73, 409
[06:28:26] [Server thread/INFO]: Changed the block at -1971, 73, 410
[06:28:26] [Server thread/INFO]: Changed the block at -1971, 73, 411
[06:28:26] [Server thread/INFO]: Changed the block at -1971, 73, 412
[06:28:26] [Server thread/INFO]: Changed the block at -1971, 73, 413
[06:28:26] [Server thread/INFO]: Changed the block at -1971, 74, 407
[06:28:26] [Server thread/INFO]: Changed the block at -1971, 74, 409
[06:28:26] [Server thread/INFO]: Changed the block at -1971, 74, 410
[06:28:26] [Server thread/INFO]: Changed the block at -1971, 74, 411
[06:28:26] [Server thread/INFO]: Changed the block at -1971, 74, 413
[06:28:26] [Server thread/INFO]: Changed the block at -1970, 69, 396
[06:28:26] [Server thread/INFO]: Changed the block at -1970, 70, 396
[06:28:26] [Server thread/INFO]: [Not Secure] [Server] TASK_B_BLOCKS_APPLIED
[06:28:26] [Server thread/INFO]: Set the world spawn point to -2164, 70, -460 [0.0, 0.0] in minecraft:overworld
[06:28:26] [Server thread/INFO]: Unmarked all force loaded chunks in minecraft:overworld
[06:28:26] [Server thread/INFO]: Saving the game (this may take a moment!)
[06:28:26] [Server thread/INFO]: ThreadedAnvilChunkStorage (world): All chunks are saved
[06:28:26] [Server thread/INFO]: ThreadedAnvilChunkStorage (DIM1): All chunks are saved
[06:28:26] [Server thread/INFO]: ThreadedAnvilChunkStorage (DIM-1): All chunks are saved
[06:28:26] [Server thread/INFO]: ThreadedAnvilChunkStorage: All dimensions are saved
[06:28:26] [Server thread/INFO]: Saved the game
[06:28:26] [Server thread/INFO]: Stopping the server
[06:28:26] [Server thread/INFO]: Stopping server
[06:28:26] [Server thread/INFO]: Saving players
[06:28:26] [Server thread/INFO]: Saving worlds
[06:28:26] [Server thread/INFO]: Saving chunks for level 'ServerLevel[Task B 1.21.11 — 930012642]'/minecraft:overworld
[06:28:26] [Server thread/INFO]: Saving chunks for level 'ServerLevel[Task B 1.21.11 — 930012642]'/minecraft:the_end
[06:28:26] [Server thread/INFO]: Saving chunks for level 'ServerLevel[Task B 1.21.11 — 930012642]'/minecraft:the_nether
[06:28:26] [Server thread/INFO]: ThreadedAnvilChunkStorage (world): All chunks are saved
[06:28:26] [Server thread/INFO]: ThreadedAnvilChunkStorage (DIM1): All chunks are saved
[06:28:26] [Server thread/INFO]: ThreadedAnvilChunkStorage (DIM-1): All chunks are saved
[06:28:26] [Server thread/INFO]: ThreadedAnvilChunkStorage: All dimensions are saved
