Starting net.minecraft.server.Main
[06:28:02] [ServerMain/INFO]: Environment: Environment[sessionHost=https://sessionserver.mojang.com, servicesHost=https://api.minecraftservices.com, profilesHost=https://api.mojang.com, name=PROD]
[06:28:03] [ServerMain/INFO]: Loaded 1470 recipes
[06:28:03] [ServerMain/INFO]: Loaded 1584 advancements
[06:28:03] [Server thread/INFO]: Starting minecraft server version 1.21.11
[06:28:03] [Server thread/INFO]: Loading properties
[06:28:03] [Server thread/INFO]: Default game type: CREATIVE
[06:28:03] [Server thread/INFO]: Generating keypair
[06:28:03] [Server thread/INFO]: Starting Minecraft server on 127.0.0.1:25575
[06:28:03] [Server thread/WARN]: **** SERVER IS RUNNING IN OFFLINE/INSECURE MODE!
[06:28:03] [Server thread/WARN]: The server will make no attempt to authenticate usernames. Beware.
[06:28:03] [Server thread/WARN]: While this makes the game possible to play without internet access, it also opens up the ability for hackers to connect with any username they choose.
[06:28:03] [Server thread/WARN]: To change this, set "online-mode" to "true" in the server.properties file.
[06:28:03] [Server thread/INFO]: Preparing level "world"
[06:28:03] [Server thread/INFO]: Loading 0 persistent chunks...
[06:28:03] [Server thread/INFO]: Time elapsed: 14 ms
[06:28:03] [Server thread/INFO]: Done (0.205s)! For help, type "help"
[06:28:04] [Server thread/INFO]: Marked chunk [111, -18] in minecraft:overworld to be force loaded
[06:28:04] [Server thread/INFO]: Marked chunk [111, -17] in minecraft:overworld to be force loaded
[06:28:04] [Server thread/INFO]: Marked chunk [111, -16] in minecraft:overworld to be force loaded
[06:28:04] [Server thread/INFO]: Marked chunk [111, -15] in minecraft:overworld to be force loaded
[06:28:04] [Server thread/INFO]: Marked chunk [111, -14] in minecraft:overworld to be force loaded
[06:28:04] [Server thread/INFO]: Marked chunk [112, -18] in minecraft:overworld to be force loaded
[06:28:04] [Server thread/INFO]: Marked chunk [112, -14] in minecraft:overworld to be force loaded
[06:28:04] [Server thread/INFO]: Marked chunk [113, -19] in minecraft:overworld to be force loaded
[06:28:04] [Server thread/INFO]: Marked chunk [113, -18] in minecraft:overworld to be force loaded
[06:28:04] [Server thread/INFO]: Marked chunk [113, -17] in minecraft:overworld to be force loaded
[06:28:04] [Server thread/INFO]: Marked chunk [113, -16] in minecraft:overworld to be force loaded
[06:28:04] [Server thread/INFO]: Marked chunk [113, -15] in minecraft:overworld to be force loaded
[06:28:04] [Server thread/INFO]: Marked chunk [113, -14] in minecraft:overworld to be force loaded
[06:28:04] [Server thread/INFO]: Marked chunk [113, -13] in minecraft:overworld to be force loaded
[06:28:04] [Server thread/INFO]: Marked chunk [114, -20] in minecraft:overworld to be force loaded
[06:28:04] [Server thread/INFO]: Marked chunk [114, -19] in minecraft:overworld to be force loaded
[06:28:04] [Server thread/INFO]: Marked chunk [114, -18] in minecraft:overworld to be force loaded
[06:28:04] [Server thread/INFO]: Marked chunk [114, -16] in minecraft:overworld to be force loaded
[06:28:04] [Server thread/INFO]: Marked chunk [114, -15] in minecraft:overworld to be force loaded
[06:28:04] [Server thread/INFO]: Marked chunk [114, -14] in minecraft:overworld to be force loaded
[06:28:04] [Server thread/INFO]: Marked chunk [114, -13] in minecraft:overworld to be force loaded
[06:28:04] [Server thread/INFO]: Marked chunk [114, -12] in minecraft:overworld to be force loaded
[06:28:04] [Server thread/INFO]: Marked chunk [114, -11] in minecraft:overworld to be force loaded
[06:28:04] [Server thread/INFO]: Marked chunk [115, -18] in minecraft:overworld to be force loaded
[06:28:04] [Server thread/INFO]: Marked chunk [115, -17] in minecraft:overworld to be force loaded
[06:28:04] [Server thread/INFO]: Marked chunk [115, -16] in minecraft:overworld to be force loaded
[06:28:04] [Server thread/INFO]: Marked chunk [115, -15] in minecraft:overworld to be force loaded
[06:28:04] [Server thread/INFO]: Marked chunk [115, -14] in minecraft:overworld to be force loaded
[06:28:04] [Server thread/INFO]: Marked chunk [115, -13] in minecraft:overworld to be force loaded
[06:28:04] [Server thread/INFO]: Marked chunk [142, -1] in minecraft:overworld to be force loaded
[06:28:04] [Server thread/INFO]: Marked chunk [143, -1] in minecraft:overworld to be force loaded
[06:28:04] [Server thread/INFO]: Marked chunk [144, -4] in minecraft:overworld to be force loaded
[06:28:05] [Server thread/INFO]: Marked chunk [144, -3] in minecraft:overworld to be force loaded
[06:28:05] [Server thread/INFO]: Marked chunk [144, -2] in minecraft:overworld to be force loaded
[06:28:05] [Server thread/INFO]: Marked chunk [144, -1] in minecraft:overworld to be force loaded
[06:28:05] [Server thread/INFO]: Marked chunk [144, 0] in minecraft:overworld to be force loaded
[06:28:05] [Server thread/INFO]: Marked chunk [144, 1] in minecraft:overworld to be force loaded
[06:28:05] [Server thread/INFO]: Marked chunk [145, -4] in minecraft:overworld to be force loaded
[06:28:05] [Server thread/INFO]: Marked chunk [145, -2] in minecraft:overworld to be force loaded
[06:28:05] [Server thread/INFO]: Marked chunk [145, 0] in minecraft:overworld to be force loaded
[06:28:05] [Server thread/INFO]: Marked chunk [145, 1] in minecraft:overworld to be force loaded
[06:28:05] [Server thread/INFO]: Marked chunk [146, -5] in minecraft:overworld to be force loaded
[06:28:05] [Server thread/INFO]: Marked chunk [146, -4] in minecraft:overworld to be force loaded
[06:28:05] [Server thread/INFO]: Marked chunk [146, -3] in minecraft:overworld to be force loaded
[06:28:05] [Server thread/INFO]: Marked chunk [146, -2] in minecraft:overworld to be force loaded
[06:28:05] [Server thread/INFO]: Marked chunk [146, -1] in minecraft:overworld to be force loaded
[06:28:05] [Server thread/INFO]: Marked chunk [146, 0] in minecraft:overworld to be force loaded
[06:28:05] [Server thread/INFO]: Marked chunk [146, 1] in minecraft:overworld to be force loaded
[06:28:05] [Server thread/INFO]: Marked chunk [147, -5] in minecraft:overworld to be force loaded
[06:28:05] [Server thread/INFO]: Marked chunk [147, -4] in minecraft:overworld to be force loaded
[06:28:05] [Server thread/INFO]: Marked chunk [147, -3] in minecraft:overworld to be force loaded
[06:28:05] [Server thread/INFO]: Marked chunk [147, 0] in minecraft:overworld to be force loaded
[06:28:05] [Server thread/INFO]: Marked chunk [148, -4] in minecraft:overworld to be force loaded
[06:28:05] [Server thread/INFO]: Marked chunk [148, -3] in minecraft:overworld to be force loaded
[06:28:05] [Server thread/INFO]: Marked chunk [148, -2] in minecraft:overworld to be force loaded
[06:28:05] [Server thread/INFO]: Marked chunk [148, -1] in minecraft:overworld to be force loaded
[06:28:05] [Server thread/INFO]: Marked chunk [148, 0] in minecraft:overworld to be force loaded
[06:28:05] [Server thread/INFO]: The game is frozen
[06:28:05] [Server thread/INFO]: [Not Secure] [Server] TASK_B_LOADED_111_-18
[06:28:05] [Server thread/INFO]: [Not Secure] [Server] TASK_B_LOADED_111_-17
[06:28:05] [Server thread/INFO]: [Not Secure] [Server] TASK_B_LOADED_111_-16
[06:28:05] [Server thread/INFO]: [Not Secure] [Server] TASK_B_LOADED_111_-15
[06:28:06] [Server thread/INFO]: [Not Secure] [Server] TASK_B_LOADED_111_-14
[06:28:06] [Server thread/INFO]: [Not Secure] [Server] TASK_B_LOADED_112_-18
[06:28:06] [Server thread/INFO]: [Not Secure] [Server] TASK_B_LOADED_112_-14
[06:28:06] [Server thread/INFO]: [Not Secure] [Server] TASK_B_LOADED_113_-19
[06:28:06] [Server thread/INFO]: [Not Secure] [Server] TASK_B_LOADED_113_-18
[06:28:06] [Server thread/INFO]: [Not Secure] [Server] TASK_B_LOADED_113_-17
[06:28:06] [Server thread/INFO]: [Not Secure] [Server] TASK_B_LOADED_113_-16
[06:28:06] [Server thread/INFO]: [Not Secure] [Server] TASK_B_LOADED_113_-15
[06:28:06] [Server thread/INFO]: [Not Secure] [Server] TASK_B_LOADED_113_-14
[06:28:06] [Server thread/INFO]: [Not Secure] [Server] TASK_B_LOADED_113_-13
[06:28:06] [Server thread/INFO]: [Not Secure] [Server] TASK_B_LOADED_114_-20
[06:28:06] [Server thread/INFO]: [Not Secure] [Server] TASK_B_LOADED_114_-19
[06:28:06] [Server thread/INFO]: [Not Secure] [Server] TASK_B_LOADED_114_-18
[06:28:06] [Server thread/INFO]: [Not Secure] [Server] TASK_B_LOADED_114_-16
[06:28:06] [Server thread/INFO]: [Not Secure] [Server] TASK_B_LOADED_114_-15
[06:28:06] [Server thread/INFO]: [Not Secure] [Server] TASK_B_LOADED_114_-14
[06:28:06] [Server thread/INFO]: [Not Secure] [Server] TASK_B_LOADED_114_-13
[06:28:06] [Server thread/INFO]: [Not Secure] [Server] TASK_B_LOADED_114_-12
[06:28:06] [Server thread/INFO]: [Not Secure] [Server] TASK_B_LOADED_114_-11
[06:28:06] [Server thread/INFO]: [Not Secure] [Server] TASK_B_LOADED_115_-18
[06:28:07] [Server thread/INFO]: [Not Secure] [Server] TASK_B_LOADED_115_-17
[06:28:07] [Server thread/INFO]: [Not Secure] [Server] TASK_B_LOADED_115_-16
[06:28:07] [Server thread/INFO]: [Not Secure] [Server] TASK_B_LOADED_115_-15
[06:28:07] [Server thread/INFO]: [Not Secure] [Server] TASK_B_LOADED_115_-14
[06:28:07] [Server thread/INFO]: [Not Secure] [Server] TASK_B_LOADED_115_-13
[06:28:07] [Server thread/INFO]: [Not Secure] [Server] TASK_B_LOADED_142_-1
[06:28:07] [Server thread/INFO]: [Not Secure] [Server] TASK_B_LOADED_143_-1
[06:28:07] [Server thread/INFO]: [Not Secure] [Server] TASK_B_LOADED_144_-4
[06:28:07] [Server thread/INFO]: [Not Secure] [Server] TASK_B_LOADED_144_-3
[06:28:07] [Server thread/INFO]: [Not Secure] [Server] TASK_B_LOADED_144_-2
[06:28:07] [Server thread/INFO]: [Not Secure] [Server] TASK_B_LOADED_144_-1
[06:28:07] [Server thread/INFO]: [Not Secure] [Server] TASK_B_LOADED_144_0
[06:28:07] [Server thread/INFO]: [Not Secure] [Server] TASK_B_LOADED_144_1
[06:28:07] [Server thread/INFO]: [Not Secure] [Server] TASK_B_LOADED_145_-4
[06:28:07] [Server thread/INFO]: [Not Secure] [Server] TASK_B_LOADED_145_-2
[06:28:07] [Server thread/INFO]: [Not Secure] [Server] TASK_B_LOADED_145_0
[06:28:07] [Server thread/INFO]: [Not Secure] [Server] TASK_B_LOADED_145_1
[06:28:07] [Server thread/INFO]: [Not Secure] [Server] TASK_B_LOADED_146_-5
[06:28:07] [Server thread/INFO]: [Not Secure] [Server] TASK_B_LOADED_146_-4
[06:28:07] [Server thread/INFO]: [Not Secure] [Server] TASK_B_LOADED_146_-3
[06:28:08] [Server thread/INFO]: [Not Secure] [Server] TASK_B_LOADED_146_-2
[06:28:08] [Server thread/INFO]: [Not Secure] [Server] TASK_B_LOADED_146_-1
[06:28:08] [Server thread/INFO]: [Not Secure] [Server] TASK_B_LOADED_146_0
[06:28:08] [Server thread/INFO]: [Not Secure] [Server] TASK_B_LOADED_146_1
[06:28:08] [Server thread/INFO]: [Not Secure] [Server] TASK_B_LOADED_147_-5
[06:28:08] [Server thread/INFO]: [Not Secure] [Server] TASK_B_LOADED_147_-4
[06:28:08] [Server thread/INFO]: [Not Secure] [Server] TASK_B_LOADED_147_-3
[06:28:08] [Server thread/INFO]: [Not Secure] [Server] TASK_B_LOADED_147_0
[06:28:08] [Server thread/INFO]: [Not Secure] [Server] TASK_B_LOADED_148_-4
[06:28:08] [Server thread/INFO]: [Not Secure] [Server] TASK_B_LOADED_148_-3
[06:28:08] [Server thread/INFO]: [Not Secure] [Server] TASK_B_LOADED_148_-2
[06:28:08] [Server thread/INFO]: [Not Secure] [Server] TASK_B_LOADED_148_-1
[06:28:08] [Server thread/INFO]: [Not Secure] [Server] TASK_B_LOADED_148_0
[06:28:08] [Server thread/INFO]: Changed the block at 1776, 65, -256
[06:28:08] [Server thread/INFO]: Changed the block at 1776, 66, -280
[06:28:08] [Server thread/INFO]: Changed the block at 1776, 66, -268
[06:28:08] [Server thread/INFO]: Changed the block at 1776, 66, -256
[06:28:08] [Server thread/INFO]: Changed the block at 1776, 66, -244
[06:28:08] [Server thread/INFO]: Changed the block at 1776, 67, -280
[06:28:08] [Server thread/INFO]: Changed the block at 1776, 67, -268
[06:28:08] [Server thread/INFO]: Changed the block at 1776, 67, -244
[06:28:08] [Server thread/INFO]: Changed the block at 1776, 67, -232
[06:28:08] [Server thread/INFO]: Changed the block at 1776, 68, -232
[06:28:08] [Server thread/INFO]: Changed the block at 1776, 70, -220
[06:28:08] [Server thread/INFO]: Changed the block at 1776, 71, -220
[06:28:08] [Server thread/INFO]: Changed the block at 1776, 71, -209
[06:28:08] [Server thread/INFO]: Changed the block at 1776, 72, -209
[06:28:08] [Server thread/INFO]: Changed the block at 1788, 65, -280
[06:28:08] [Server thread/INFO]: Changed the block at 1788, 66, -280
[06:28:08] [Server thread/INFO]: Changed the block at 1788, 71, -209
[06:28:08] [Server thread/INFO]: Changed the block at 1788, 72, -209
[06:28:08] [Server thread/INFO]: Changed the block at 1800, 66, -280
[06:28:08] [Server thread/INFO]: Changed the block at 1800, 67, -280
[06:28:08] [Server thread/INFO]: Changed the block at 1800, 70, -209
[06:28:08] [Server thread/INFO]: Changed the block at 1800, 71, -209
[06:28:08] [Server thread/INFO]: Changed the block at 1810, 67, -244
[06:28:08] [Server thread/INFO]: Changed the block at 1810, 67, -212
[06:28:08] [Server thread/INFO]: Changed the block at 1810, 68, -244
[06:28:08] [Server thread/INFO]: Changed the block at 1810, 68, -212
[06:28:08] [Server thread/INFO]: Changed the block at 1811, 65, -286
[06:28:08] [Server thread/INFO]: Changed the block at 1811, 65, -285
[06:28:08] [Server thread/INFO]: Changed the block at 1811, 65, -284
[06:28:08] [Server thread/INFO]: Changed the block at 1811, 65, -283
[06:28:08] [Server thread/INFO]: Changed the block at 1811, 65, -282
[06:28:08] [Server thread/INFO]: Changed the block at 1811, 65, -281
[06:28:08] [Server thread/INFO]: Changed the block at 1811, 65, -280
[06:28:08] [Server thread/INFO]: Changed the block at 1811, 65, -279
[06:28:08] [Server thread/INFO]: Changed the block at 1811, 65, -278
[06:28:08] [Server thread/INFO]: Changed the block at 1811, 65, -277
[06:28:08] [Server thread/INFO]: Changed the block at 1811, 65, -276
[06:28:08] [Server thread/INFO]: Changed the block at 1811, 65, -275
[06:28:08] [Server thread/INFO]: Changed the block at 1811, 65, -274
[06:28:08] [Server thread/INFO]: Changed the block at 1811, 65, -273
[06:28:08] [Server thread/INFO]: Changed the block at 1811, 65, -272
[06:28:08] [Server thread/INFO]: Changed the block at 1811, 65, -271
[06:28:08] [Server thread/INFO]: Changed the block at 1811, 65, -270
[06:28:08] [Server thread/INFO]: Changed the block at 1811, 65, -269
[06:28:08] [Server thread/INFO]: Changed the block at 1811, 65, -268
[06:28:08] [Server thread/INFO]: Changed the block at 1811, 65, -267
[06:28:08] [Server thread/INFO]: Changed the block at 1811, 65, -266
[06:28:08] [Server thread/INFO]: Changed the block at 1811, 65, -265
[06:28:08] [Server thread/INFO]: Changed the block at 1811, 65, -264
[06:28:08] [Server thread/INFO]: Changed the block at 1811, 65, -263
[06:28:08] [Server thread/INFO]: Changed the block at 1811, 65, -262
[06:28:08] [Server thread/INFO]: Changed the block at 1811, 65, -261
[06:28:08] [Server thread/INFO]: Changed the block at 1811, 65, -260
[06:28:08] [Server thread/INFO]: Changed the block at 1811, 65, -259
[06:28:08] [Server thread/INFO]: Changed the block at 1811, 65, -258
[06:28:08] [Server thread/INFO]: Changed the block at 1811, 65, -257
[06:28:08] [Server thread/INFO]: Changed the block at 1811, 65, -256
[06:28:08] [Server thread/INFO]: Changed the block at 1811, 65, -255
[06:28:08] [Server thread/INFO]: Changed the block at 1811, 65, -254
[06:28:08] [Server thread/INFO]: Changed the block at 1811, 65, -253
[06:28:08] [Server thread/INFO]: Changed the block at 1811, 65, -252
[06:28:08] [Server thread/INFO]: Changed the block at 1811, 65, -251
[06:28:08] [Server thread/INFO]: Changed the block at 1811, 65, -250
[06:28:08] [Server thread/INFO]: Changed the block at 1811, 66, -291
[06:28:08] [Server thread/INFO]: Changed the block at 1811, 66, -290
[06:28:08] [Server thread/INFO]: Changed the block at 1811, 66, -289
[06:28:08] [Server thread/INFO]: Changed the block at 1811, 66, -288
[06:28:08] [Server thread/INFO]: Changed the block at 1811, 66, -287
[06:28:08] [Server thread/INFO]: Changed the block at 1811, 66, -282
[06:28:08] [Server thread/INFO]: Changed the block at 1811, 66, -278
[06:28:08] [Server thread/INFO]: Changed the block at 1811, 66, -269
[06:28:08] [Server thread/INFO]: Changed the block at 1811, 66, -261
[06:28:08] [Server thread/INFO]: Changed the block at 1811, 66, -260
[06:28:08] [Server thread/INFO]: Changed the block at 1811, 66, -259
[06:28:08] [Server thread/INFO]: Changed the block at 1811, 66, -258
[06:28:08] [Server thread/INFO]: Changed the block at 1811, 66, -257
[06:28:08] [Server thread/INFO]: Changed the block at 1811, 66, -256
[06:28:08] [Server thread/INFO]: Changed the block at 1811, 66, -253
[06:28:08] [Server thread/INFO]: Changed the block at 1811, 66, -252
[06:28:08] [Server thread/INFO]: Changed the block at 1811, 66, -251
[06:28:08] [Server thread/INFO]: Changed the block at 1811, 66, -249
[06:28:08] [Server thread/INFO]: Changed the block at 1811, 66, -248
[06:28:08] [Server thread/INFO]: Changed the block at 1811, 66, -247
[06:28:08] [Server thread/INFO]: Changed the block at 1811, 66, -246
[06:28:08] [Server thread/INFO]: Changed the block at 1811, 66, -245
[06:28:08] [Server thread/INFO]: Changed the block at 1811, 66, -244
[06:28:08] [Server thread/INFO]: Changed the block at 1811, 66, -243
[06:28:08] [Server thread/INFO]: Changed the block at 1811, 66, -213
[06:28:08] [Server thread/INFO]: Could not set the block
[06:28:08] [Server thread/INFO]: Changed the block at 1812, 65, -285
[06:28:08] [Server thread/INFO]: Changed the block at 1812, 65, -284
[06:28:08] [Server thread/INFO]: Changed the block at 1812, 65, -283
[06:28:08] [Server thread/INFO]: Changed the block at 1812, 65, -282
[06:28:08] [Server thread/INFO]: Changed the block at 1812, 65, -281
[06:28:08] [Server thread/INFO]: Changed the block at 1812, 65, -280
[06:28:08] [Server thread/INFO]: Changed the block at 1812, 65, -279
[06:28:08] [Server thread/INFO]: Changed the block at 1812, 65, -278
[06:28:08] [Server thread/INFO]: Changed the block at 1812, 65, -277
[06:28:08] [Server thread/INFO]: Changed the block at 1812, 65, -276
[06:28:08] [Server thread/INFO]: Changed the block at 1812, 65, -275
[06:28:08] [Server thread/INFO]: Changed the block at 1812, 65, -274
[06:28:08] [Server thread/INFO]: Changed the block at 1812, 65, -273
[06:28:08] [Server thread/INFO]: Changed the block at 1812, 65, -272
[06:28:08] [Server thread/INFO]: Changed the block at 1812, 65, -271
[06:28:08] [Server thread/INFO]: Changed the block at 1812, 65, -270
[06:28:08] [Server thread/INFO]: Changed the block at 1812, 65, -269
[06:28:08] [Server thread/INFO]: Changed the block at 1812, 65, -268
[06:28:08] [Server thread/INFO]: Changed the block at 1812, 65, -267
[06:28:08] [Server thread/INFO]: Changed the block at 1812, 65, -266
[06:28:08] [Server thread/INFO]: Changed the block at 1812, 65, -265
[06:28:08] [Server thread/INFO]: Changed the block at 1812, 65, -264
[06:28:08] [Server thread/INFO]: Changed the block at 1812, 65, -263
[06:28:08] [Server thread/INFO]: Changed the block at 1812, 65, -262
[06:28:08] [Server thread/INFO]: Changed the block at 1812, 65, -261
[06:28:08] [Server thread/INFO]: Changed the block at 1812, 65, -260
[06:28:08] [Server thread/INFO]: Changed the block at 1812, 65, -259
[06:28:08] [Server thread/INFO]: Changed the block at 1812, 65, -258
[06:28:08] [Server thread/INFO]: Changed the block at 1812, 65, -257
[06:28:08] [Server thread/INFO]: Changed the block at 1812, 65, -256
[06:28:08] [Server thread/INFO]: Changed the block at 1812, 65, -255
[06:28:08] [Server thread/INFO]: Changed the block at 1812, 65, -254
[06:28:08] [Server thread/INFO]: Changed the block at 1812, 65, -253
[06:28:08] [Server thread/INFO]: Changed the block at 1812, 65, -252
[06:28:08] [Server thread/INFO]: Changed the block at 1812, 65, -251
[06:28:08] [Server thread/INFO]: Changed the block at 1812, 65, -250
[06:28:08] [Server thread/INFO]: Changed the block at 1812, 65, -249
[06:28:08] [Server thread/INFO]: Changed the block at 1812, 65, -248
[06:28:08] [Server thread/INFO]: Changed the block at 1812, 66, -293
[06:28:08] [Server thread/INFO]: Changed the block at 1812, 66, -292
[06:28:08] [Server thread/INFO]: Changed the block at 1812, 66, -291
[06:28:08] [Server thread/INFO]: Changed the block at 1812, 66, -290
[06:28:08] [Server thread/INFO]: Changed the block at 1812, 66, -289
[06:28:08] [Server thread/INFO]: Changed the block at 1812, 66, -288
[06:28:08] [Server thread/INFO]: Changed the block at 1812, 66, -287
[06:28:08] [Server thread/INFO]: Changed the block at 1812, 66, -286
[06:28:08] [Server thread/INFO]: Changed the block at 1812, 66, -285
[06:28:08] [Server thread/INFO]: Changed the block at 1812, 66, -273
[06:28:08] [Server thread/INFO]: Changed the block at 1812, 66, -270
[06:28:08] [Server thread/INFO]: Changed the block at 1812, 66, -267
[06:28:08] [Server thread/INFO]: Changed the block at 1812, 66, -264
[06:28:08] [Server thread/INFO]: Changed the block at 1812, 66, -263
[06:28:08] [Server thread/INFO]: Changed the block at 1812, 66, -259
[06:28:08] [Server thread/INFO]: Changed the block at 1812, 66, -253
[06:28:08] [Server thread/INFO]: Changed the block at 1812, 66, -250
[06:28:08] [Server thread/INFO]: Changed the block at 1812, 66, -248
[06:28:08] [Server thread/INFO]: Changed the block at 1812, 66, -247
[06:28:08] [Server thread/INFO]: Changed the block at 1812, 66, -246
[06:28:08] [Server thread/INFO]: Changed the block at 1812, 66, -245
[06:28:08] [Server thread/INFO]: Changed the block at 1812, 66, -244
[06:28:08] [Server thread/INFO]: Changed the block at 1812, 66, -243
[06:28:08] [Server thread/INFO]: Changed the block at 1812, 66, -214
[06:28:08] [Server thread/INFO]: Changed the block at 1812, 66, -213
[06:28:08] [Server thread/INFO]: Changed the block at 1812, 66, -212
[06:28:08] [Server thread/INFO]: Changed the block at 1812, 66, -211
[06:28:08] [Server thread/INFO]: Could not set the block
[06:28:08] [Server thread/INFO]: Could not set the block
[06:28:08] [Server thread/INFO]: Could not set the block
[06:28:08] [Server thread/INFO]: Could not set the block
[06:28:08] [Server thread/INFO]: Could not set the block
[06:28:08] [Server thread/INFO]: Changed the block at 1812, 67, -209
[06:28:08] [Server thread/INFO]: Changed the block at 1812, 68, -209
[06:28:08] [Server thread/INFO]: Changed the block at 1813, 65, -283
[06:28:08] [Server thread/INFO]: Changed the block at 1813, 65, -282
[06:28:08] [Server thread/INFO]: Changed the block at 1813, 65, -281
[06:28:08] [Server thread/INFO]: Changed the block at 1813, 65, -280
[06:28:08] [Server thread/INFO]: Changed the block at 1813, 65, -279
[06:28:08] [Server thread/INFO]: Changed the block at 1813, 65, -278
[06:28:08] [Server thread/INFO]: Changed the block at 1813, 65, -277
[06:28:08] [Server thread/INFO]: Changed the block at 1813, 65, -276
[06:28:08] [Server thread/INFO]: Changed the block at 1813, 65, -275
[06:28:08] [Server thread/INFO]: Changed the block at 1813, 65, -274
[06:28:08] [Server thread/INFO]: Changed the block at 1813, 65, -273
[06:28:08] [Server thread/INFO]: Changed the block at 1813, 65, -272
[06:28:08] [Server thread/INFO]: Changed the block at 1813, 65, -271
[06:28:08] [Server thread/INFO]: Changed the block at 1813, 65, -270
[06:28:08] [Server thread/INFO]: Changed the block at 1813, 65, -269
[06:28:08] [Server thread/INFO]: Changed the block at 1813, 65, -268
[06:28:08] [Server thread/INFO]: Changed the block at 1813, 65, -267
[06:28:08] [Server thread/INFO]: Changed the block at 1813, 65, -266
[06:28:08] [Server thread/INFO]: Changed the block at 1813, 65, -265
[06:28:08] [Server thread/INFO]: Changed the block at 1813, 65, -264
[06:28:08] [Server thread/INFO]: Changed the block at 1813, 65, -263
[06:28:08] [Server thread/INFO]: Changed the block at 1813, 65, -262
[06:28:08] [Server thread/INFO]: Changed the block at 1813, 65, -261
[06:28:08] [Server thread/INFO]: Changed the block at 1813, 65, -260
[06:28:08] [Server thread/INFO]: Changed the block at 1813, 65, -259
[06:28:08] [Server thread/INFO]: Changed the block at 1813, 65, -258
[06:28:08] [Server thread/INFO]: Changed the block at 1813, 65, -257
[06:28:08] [Server thread/INFO]: Changed the block at 1813, 65, -256
[06:28:08] [Server thread/INFO]: Changed the block at 1813, 65, -255
[06:28:08] [Server thread/INFO]: Changed the block at 1813, 65, -254
[06:28:08] [Server thread/INFO]: Changed the block at 1813, 65, -253
[06:28:08] [Server thread/INFO]: Changed the block at 1813, 65, -252
[06:28:08] [Server thread/INFO]: Changed the block at 1813, 65, -251
[06:28:08] [Server thread/INFO]: Changed the block at 1813, 65, -250
[06:28:08] [Server thread/INFO]: Changed the block at 1813, 65, -249
[06:28:08] [Server thread/INFO]: Changed the block at 1813, 65, -248
[06:28:08] [Server thread/INFO]: Changed the block at 1813, 66, -294
[06:28:08] [Server thread/INFO]: Changed the block at 1813, 66, -293
[06:28:08] [Server thread/INFO]: Changed the block at 1813, 66, -292
[06:28:08] [Server thread/INFO]: Changed the block at 1813, 66, -291
[06:28:08] [Server thread/INFO]: Changed the block at 1813, 66, -290
[06:28:08] [Server thread/INFO]: Changed the block at 1813, 66, -289
[06:28:08] [Server thread/INFO]: Changed the block at 1813, 66, -288
[06:28:08] [Server thread/INFO]: Changed the block at 1813, 66, -287
[06:28:08] [Server thread/INFO]: Changed the block at 1813, 66, -286
[06:28:08] [Server thread/INFO]: Changed the block at 1813, 66, -285
[06:28:08] [Server thread/INFO]: Changed the block at 1813, 66, -284
[06:28:08] [Server thread/INFO]: Changed the block at 1813, 66, -260
[06:28:08] [Server thread/INFO]: Changed the block at 1813, 66, -257
[06:28:08] [Server thread/INFO]: Changed the block at 1813, 66, -254
[06:28:08] [Server thread/INFO]: Changed the block at 1813, 66, -253
[06:28:08] [Server thread/INFO]: Changed the block at 1813, 66, -249
[06:28:08] [Server thread/INFO]: Changed the block at 1813, 66, -247
[06:28:08] [Server thread/INFO]: Changed the block at 1813, 66, -246
[06:28:08] [Server thread/INFO]: Changed the block at 1813, 66, -245
[06:28:08] [Server thread/INFO]: Changed the block at 1813, 66, -244
[06:28:08] [Server thread/INFO]: Changed the block at 1813, 66, -243
[06:28:08] [Server thread/INFO]: Changed the block at 1813, 66, -242
[06:28:08] [Server thread/INFO]: Changed the block at 1813, 66, -215
[06:28:08] [Server thread/INFO]: Changed the block at 1813, 66, -214
[06:28:08] [Server thread/INFO]: Changed the block at 1813, 66, -213
[06:28:08] [Server thread/INFO]: Changed the block at 1813, 66, -212
[06:28:08] [Server thread/INFO]: Changed the block at 1813, 66, -211
[06:28:08] [Server thread/INFO]: Changed the block at 1813, 66, -210
[06:28:08] [Server thread/INFO]: Could not set the block
[06:28:08] [Server thread/INFO]: Could not set the block
[06:28:08] [Server thread/INFO]: Could not set the block
[06:28:08] [Server thread/INFO]: Changed the block at 1813, 67, -215
[06:28:08] [Server thread/INFO]: Changed the block at 1813, 67, -214
[06:28:08] [Server thread/INFO]: Changed the block at 1813, 67, -210
[06:28:08] [Server thread/INFO]: Could not set the block
[06:28:08] [Server thread/INFO]: Changed the block at 1814, 66, -295
[06:28:08] [Server thread/INFO]: Changed the block at 1814, 66, -294
[06:28:08] [Server thread/INFO]: Changed the block at 1814, 66, -293
[06:28:08] [Server thread/INFO]: Changed the block at 1814, 66, -292
[06:28:08] [Server thread/INFO]: Changed the block at 1814, 66, -280
[06:28:08] [Server thread/INFO]: Changed the block at 1814, 66, -276
[06:28:08] [Server thread/INFO]: Changed the block at 1814, 66, -245
[06:28:08] [Server thread/INFO]: Changed the block at 1814, 66, -244
[06:28:08] [Server thread/INFO]: Changed the block at 1814, 66, -243
[06:28:08] [Server thread/INFO]: Changed the block at 1814, 66, -242
[06:28:08] [Server thread/INFO]: Changed the block at 1814, 66, -241
[06:28:08] [Server thread/INFO]: Changed the block at 1814, 66, -216
[06:28:08] [Server thread/INFO]: Changed the block at 1814, 66, -215
[06:28:08] [Server thread/INFO]: Changed the block at 1814, 66, -214
[06:28:08] [Server thread/INFO]: Changed the block at 1814, 66, -213
[06:28:08] [Server thread/INFO]: Changed the block at 1814, 66, -212
[06:28:08] [Server thread/INFO]: Changed the block at 1814, 66, -211
[06:28:08] [Server thread/INFO]: Changed the block at 1814, 66, -210
[06:28:08] [Server thread/INFO]: Changed the block at 1814, 66, -209
[06:28:08] [Server thread/INFO]: Changed the block at 1814, 67, -280
[06:28:08] [Server thread/INFO]: Changed the block at 1814, 67, -276
[06:28:08] [Server thread/INFO]: Changed the block at 1814, 67, -244
[06:28:08] [Server thread/INFO]: Changed the block at 1814, 67, -242
[06:28:08] [Server thread/INFO]: Changed the block at 1814, 67, -213
[06:28:08] [Server thread/INFO]: Changed the block at 1815, 66, -296
[06:28:08] [Server thread/INFO]: Changed the block at 1815, 66, -295
[06:28:08] [Server thread/INFO]: Changed the block at 1815, 66, -294
[06:28:08] [Server thread/INFO]: Changed the block at 1815, 66, -293
[06:28:08] [Server thread/INFO]: Changed the block at 1815, 66, -245
[06:28:08] [Server thread/INFO]: Changed the block at 1815, 66, -244
[06:28:08] [Server thread/INFO]: Changed the block at 1815, 66, -243
[06:28:08] [Server thread/INFO]: Changed the block at 1815, 66, -242
[06:28:08] [Server thread/INFO]: Changed the block at 1815, 66, -241
[06:28:08] [Server thread/INFO]: Changed the block at 1815, 66, -240
[06:28:08] [Server thread/INFO]: Changed the block at 1815, 66, -217
[06:28:08] [Server thread/INFO]: Changed the block at 1815, 66, -216
[06:28:08] [Server thread/INFO]: Changed the block at 1815, 66, -215
[06:28:08] [Server thread/INFO]: Changed the block at 1815, 66, -214
[06:28:08] [Server thread/INFO]: Changed the block at 1815, 66, -211
[06:28:08] [Server thread/INFO]: Changed the block at 1815, 66, -210
[06:28:08] [Server thread/INFO]: Changed the block at 1815, 66, -209
[06:28:08] [Server thread/INFO]: Changed the block at 1815, 66, -208
[06:28:08] [Server thread/INFO]: Changed the block at 1815, 67, -245
[06:28:08] [Server thread/INFO]: Changed the block at 1815, 67, -217
[06:28:08] [Server thread/INFO]: Changed the block at 1815, 67, -216
[06:28:08] [Server thread/INFO]: Changed the block at 1815, 67, -214
[06:28:08] [Server thread/INFO]: Changed the block at 1816, 66, -297
[06:28:08] [Server thread/INFO]: Changed the block at 1816, 66, -296
[06:28:08] [Server thread/INFO]: Changed the block at 1816, 66, -295
[06:28:08] [Server thread/INFO]: Changed the block at 1816, 66, -294
[06:28:08] [Server thread/INFO]: Changed the block at 1816, 66, -245
[06:28:08] [Server thread/INFO]: Changed the block at 1816, 66, -244
[06:28:08] [Server thread/INFO]: Changed the block at 1816, 66, -243
[06:28:08] [Server thread/INFO]: Changed the block at 1816, 66, -242
[06:28:08] [Server thread/INFO]: Changed the block at 1816, 66, -241
[06:28:08] [Server thread/INFO]: Changed the block at 1816, 66, -240
[06:28:08] [Server thread/INFO]: Changed the block at 1816, 66, -239
[06:28:08] [Server thread/INFO]: Changed the block at 1816, 66, -218
[06:28:08] [Server thread/INFO]: Changed the block at 1816, 66, -217
[06:28:08] [Server thread/INFO]: Changed the block at 1816, 66, -216
[06:28:08] [Server thread/INFO]: Changed the block at 1816, 66, -215
[06:28:08] [Server thread/INFO]: Changed the block at 1816, 66, -210
[06:28:08] [Server thread/INFO]: Changed the block at 1816, 66, -209
[06:28:08] [Server thread/INFO]: Changed the block at 1816, 66, -208
[06:28:08] [Server thread/INFO]: Changed the block at 1816, 66, -207
[06:28:08] [Server thread/INFO]: Changed the block at 1816, 67, -244
[06:28:08] [Server thread/INFO]: Changed the block at 1816, 67, -240
[06:28:08] [Server thread/INFO]: Changed the block at 1816, 67, -239
[06:28:08] [Server thread/INFO]: Changed the block at 1816, 67, -218
[06:28:08] [Server thread/INFO]: Changed the block at 1816, 67, -217
[06:28:08] [Server thread/INFO]: Changed the block at 1816, 67, -216
[06:28:08] [Server thread/INFO]: Changed the block at 1816, 67, -215
[06:28:08] [Server thread/INFO]: Changed the block at 1817, 66, -298
[06:28:08] [Server thread/INFO]: Changed the block at 1817, 66, -297
[06:28:08] [Server thread/INFO]: Changed the block at 1817, 66, -296
[06:28:08] [Server thread/INFO]: Changed the block at 1817, 66, -295
[06:28:08] [Server thread/INFO]: Changed the block at 1817, 66, -245
[06:28:08] [Server thread/INFO]: Changed the block at 1817, 66, -244
[06:28:08] [Server thread/INFO]: Changed the block at 1817, 66, -243
[06:28:08] [Server thread/INFO]: Changed the block at 1817, 66, -241
[06:28:08] [Server thread/INFO]: Changed the block at 1817, 66, -240
[06:28:08] [Server thread/INFO]: Changed the block at 1817, 66, -239
[06:28:08] [Server thread/INFO]: Changed the block at 1817, 66, -238
[06:28:08] [Server thread/INFO]: Changed the block at 1817, 66, -219
[06:28:08] [Server thread/INFO]: Changed the block at 1817, 66, -218
[06:28:08] [Server thread/INFO]: Changed the block at 1817, 66, -217
[06:28:08] [Server thread/INFO]: Changed the block at 1817, 66, -216
[06:28:08] [Server thread/INFO]: Changed the block at 1817, 66, -209
[06:28:08] [Server thread/INFO]: Changed the block at 1817, 66, -208
[06:28:08] [Server thread/INFO]: Changed the block at 1817, 66, -207
[06:28:08] [Server thread/INFO]: Changed the block at 1817, 67, -244
[06:28:08] [Server thread/INFO]: Changed the block at 1817, 67, -241
[06:28:08] [Server thread/INFO]: Changed the block at 1817, 67, -240
[06:28:08] [Server thread/INFO]: Changed the block at 1817, 67, -239
[06:28:08] [Server thread/INFO]: Changed the block at 1817, 67, -217
[06:28:08] [Server thread/INFO]: Changed the block at 1817, 67, -206
[06:28:08] [Server thread/INFO]: Changed the block at 1818, 66, -299
[06:28:08] [Server thread/INFO]: Changed the block at 1818, 66, -298
[06:28:08] [Server thread/INFO]: Changed the block at 1818, 66, -297
[06:28:08] [Server thread/INFO]: Changed the block at 1818, 66, -296
[06:28:08] [Server thread/INFO]: Changed the block at 1818, 66, -245
[06:28:08] [Server thread/INFO]: Changed the block at 1818, 66, -244
[06:28:08] [Server thread/INFO]: Changed the block at 1818, 66, -243
[06:28:08] [Server thread/INFO]: Changed the block at 1818, 66, -240
[06:28:08] [Server thread/INFO]: Changed the block at 1818, 66, -239
[06:28:08] [Server thread/INFO]: Changed the block at 1818, 66, -238
[06:28:08] [Server thread/INFO]: Changed the block at 1818, 66, -237
[06:28:08] [Server thread/INFO]: Changed the block at 1818, 66, -220
[06:28:08] [Server thread/INFO]: Changed the block at 1818, 66, -219
[06:28:08] [Server thread/INFO]: Changed the block at 1818, 66, -218
[06:28:08] [Server thread/INFO]: Changed the block at 1818, 66, -217
[06:28:08] [Server thread/INFO]: Changed the block at 1818, 66, -208
[06:28:08] [Server thread/INFO]: Changed the block at 1818, 66, -207
[06:28:08] [Server thread/INFO]: Changed the block at 1818, 67, -240
[06:28:08] [Server thread/INFO]: Changed the block at 1818, 67, -239
[06:28:08] [Server thread/INFO]: Changed the block at 1818, 67, -207
[06:28:08] [Server thread/INFO]: Changed the block at 1818, 67, -206
[06:28:08] [Server thread/INFO]: Changed the block at 1818, 67, -205
[06:28:08] [Server thread/INFO]: Changed the block at 1819, 66, -300
[06:28:08] [Server thread/INFO]: Changed the block at 1819, 66, -299
[06:28:08] [Server thread/INFO]: Changed the block at 1819, 66, -298
[06:28:08] [Server thread/INFO]: Changed the block at 1819, 66, -297
[06:28:08] [Server thread/INFO]: Changed the block at 1819, 66, -245
[06:28:08] [Server thread/INFO]: Changed the block at 1819, 66, -244
[06:28:08] [Server thread/INFO]: Changed the block at 1819, 66, -243
[06:28:08] [Server thread/INFO]: Changed the block at 1819, 66, -239
[06:28:08] [Server thread/INFO]: Changed the block at 1819, 66, -238
[06:28:08] [Server thread/INFO]: Changed the block at 1819, 66, -237
[06:28:08] [Server thread/INFO]: Changed the block at 1819, 66, -236
[06:28:08] [Server thread/INFO]: Changed the block at 1819, 66, -221
[06:28:08] [Server thread/INFO]: Changed the block at 1819, 66, -220
[06:28:08] [Server thread/INFO]: Changed the block at 1819, 66, -219
[06:28:08] [Server thread/INFO]: Changed the block at 1819, 66, -218
[06:28:08] [Server thread/INFO]: Changed the block at 1819, 66, -207
[06:28:08] [Server thread/INFO]: Changed the block at 1819, 67, -243
[06:28:08] [Server thread/INFO]: Changed the block at 1819, 67, -239
[06:28:08] [Server thread/INFO]: Changed the block at 1819, 67, -238
[06:28:08] [Server thread/INFO]: Changed the block at 1819, 67, -236
[06:28:08] [Server thread/INFO]: Changed the block at 1819, 67, -206
[06:28:08] [Server thread/INFO]: Changed the block at 1819, 67, -205
[06:28:08] [Server thread/INFO]: Changed the block at 1819, 67, -204
[06:28:08] [Server thread/INFO]: Changed the block at 1819, 68, -206
[06:28:08] [Server thread/INFO]: Changed the block at 1819, 68, -205
[06:28:08] [Server thread/INFO]: Changed the block at 1820, 66, -301
[06:28:08] [Server thread/INFO]: Changed the block at 1820, 66, -300
[06:28:08] [Server thread/INFO]: Changed the block at 1820, 66, -299
[06:28:08] [Server thread/INFO]: Changed the block at 1820, 66, -298
[06:28:08] [Server thread/INFO]: Changed the block at 1820, 66, -245
[06:28:08] [Server thread/INFO]: Changed the block at 1820, 66, -244
[06:28:08] [Server thread/INFO]: Changed the block at 1820, 66, -243
[06:28:08] [Server thread/INFO]: Changed the block at 1820, 66, -238
[06:28:08] [Server thread/INFO]: Changed the block at 1820, 66, -237
[06:28:08] [Server thread/INFO]: Changed the block at 1820, 66, -236
[06:28:08] [Server thread/INFO]: Changed the block at 1820, 66, -235
[06:28:08] [Server thread/INFO]: Changed the block at 1820, 66, -222
[06:28:08] [Server thread/INFO]: Changed the block at 1820, 66, -221
[06:28:08] [Server thread/INFO]: Changed the block at 1820, 66, -220
[06:28:08] [Server thread/INFO]: Changed the block at 1820, 66, -219
[06:28:08] [Server thread/INFO]: Changed the block at 1820, 66, -206
[06:28:08] [Server thread/INFO]: Changed the block at 1820, 67, -238
[06:28:08] [Server thread/INFO]: Changed the block at 1820, 67, -205
[06:28:08] [Server thread/INFO]: Changed the block at 1820, 67, -204
[06:28:08] [Server thread/INFO]: Changed the block at 1820, 67, -203
[06:28:08] [Server thread/INFO]: Changed the block at 1820, 68, -204
[06:28:08] [Server thread/INFO]: Changed the block at 1821, 66, -302
[06:28:08] [Server thread/INFO]: Changed the block at 1821, 66, -301
[06:28:08] [Server thread/INFO]: Changed the block at 1821, 66, -300
[06:28:08] [Server thread/INFO]: Changed the block at 1821, 66, -299
[06:28:08] [Server thread/INFO]: Changed the block at 1821, 66, -245
[06:28:08] [Server thread/INFO]: Changed the block at 1821, 66, -244
[06:28:08] [Server thread/INFO]: Changed the block at 1821, 66, -243
[06:28:08] [Server thread/INFO]: Changed the block at 1821, 66, -237
[06:28:08] [Server thread/INFO]: Changed the block at 1821, 66, -236
[06:28:08] [Server thread/INFO]: Changed the block at 1821, 66, -235
[06:28:08] [Server thread/INFO]: Changed the block at 1821, 66, -234
[06:28:08] [Server thread/INFO]: Changed the block at 1821, 66, -223
[06:28:08] [Server thread/INFO]: Changed the block at 1821, 66, -222
[06:28:08] [Server thread/INFO]: Changed the block at 1821, 66, -221
[06:28:08] [Server thread/INFO]: Changed the block at 1821, 66, -220
[06:28:08] [Server thread/INFO]: Changed the block at 1821, 67, -243
[06:28:08] [Server thread/INFO]: Changed the block at 1821, 67, -237
[06:28:08] [Server thread/INFO]: Changed the block at 1821, 67, -223
[06:28:08] [Server thread/INFO]: Changed the block at 1821, 67, -220
[06:28:08] [Server thread/INFO]: Changed the block at 1821, 67, -205
[06:28:08] [Server thread/INFO]: Changed the block at 1821, 67, -204
[06:28:08] [Server thread/INFO]: Changed the block at 1821, 67, -203
[06:28:08] [Server thread/INFO]: Changed the block at 1821, 67, -202
[06:28:08] [Server thread/INFO]: Changed the block at 1821, 68, -204
[06:28:08] [Server thread/INFO]: Changed the block at 1821, 68, -203
[06:28:08] [Server thread/INFO]: Changed the block at 1822, 65, -245
[06:28:08] [Server thread/INFO]: Changed the block at 1822, 65, -244
[06:28:08] [Server thread/INFO]: Changed the block at 1822, 66, -303
[06:28:08] [Server thread/INFO]: Changed the block at 1822, 66, -302
[06:28:08] [Server thread/INFO]: Changed the block at 1822, 66, -301
[06:28:08] [Server thread/INFO]: Changed the block at 1822, 66, -300
[06:28:08] [Server thread/INFO]: Changed the block at 1822, 66, -244
[06:28:08] [Server thread/INFO]: Changed the block at 1822, 66, -243
[06:28:08] [Server thread/INFO]: Changed the block at 1822, 66, -236
[06:28:08] [Server thread/INFO]: Changed the block at 1822, 66, -235
[06:28:08] [Server thread/INFO]: Changed the block at 1822, 66, -234
[06:28:08] [Server thread/INFO]: Changed the block at 1822, 66, -233
[06:28:08] [Server thread/INFO]: Changed the block at 1822, 66, -224
[06:28:08] [Server thread/INFO]: Changed the block at 1822, 66, -222
[06:28:08] [Server thread/INFO]: Changed the block at 1822, 67, -236
[06:28:08] [Server thread/INFO]: Changed the block at 1822, 67, -223
[06:28:08] [Server thread/INFO]: Changed the block at 1822, 67, -222
[06:28:08] [Server thread/INFO]: Changed the block at 1822, 67, -221
[06:28:08] [Server thread/INFO]: Changed the block at 1822, 67, -204
[06:28:08] [Server thread/INFO]: Changed the block at 1822, 67, -203
[06:28:08] [Server thread/INFO]: Changed the block at 1822, 67, -202
[06:28:08] [Server thread/INFO]: Changed the block at 1822, 68, -202
[06:28:08] [Server thread/INFO]: Changed the block at 1822, 68, -201
[06:28:08] [Server thread/INFO]: Changed the block at 1823, 65, -245
[06:28:08] [Server thread/INFO]: Changed the block at 1823, 65, -244
[06:28:08] [Server thread/INFO]: Changed the block at 1823, 65, -243
[06:28:08] [Server thread/INFO]: Changed the block at 1823, 66, -304
[06:28:08] [Server thread/INFO]: Changed the block at 1823, 66, -303
[06:28:08] [Server thread/INFO]: Changed the block at 1823, 66, -302
[06:28:08] [Server thread/INFO]: Changed the block at 1823, 66, -301
[06:28:08] [Server thread/INFO]: Changed the block at 1823, 66, -235
[06:28:08] [Server thread/INFO]: Changed the block at 1823, 66, -234
[06:28:08] [Server thread/INFO]: Changed the block at 1823, 66, -233
[06:28:08] [Server thread/INFO]: Changed the block at 1823, 66, -232
[06:28:08] [Server thread/INFO]: Changed the block at 1823, 66, -225
[06:28:08] [Server thread/INFO]: Changed the block at 1823, 66, -224
[06:28:08] [Server thread/INFO]: Changed the block at 1823, 66, -223
[06:28:08] [Server thread/INFO]: Changed the block at 1823, 66, -222
[06:28:08] [Server thread/INFO]: Changed the block at 1823, 67, -303
[06:28:08] [Server thread/INFO]: Changed the block at 1823, 67, -223
[06:28:08] [Server thread/INFO]: Changed the block at 1823, 67, -203
[06:28:08] [Server thread/INFO]: Changed the block at 1823, 67, -202
[06:28:08] [Server thread/INFO]: Changed the block at 1823, 68, -202
[06:28:08] [Server thread/INFO]: Changed the block at 1823, 68, -201
[06:28:08] [Server thread/INFO]: Changed the block at 1823, 68, -200
[06:28:08] [Server thread/INFO]: Changed the block at 1823, 69, -201
[06:28:08] [Server thread/INFO]: Changed the block at 1823, 69, -200
[06:28:08] [Server thread/INFO]: Changed the block at 1824, 65, -305
[06:28:08] [Server thread/INFO]: Changed the block at 1824, 65, -245
[06:28:08] [Server thread/INFO]: Changed the block at 1824, 65, -244
[06:28:08] [Server thread/INFO]: Changed the block at 1824, 65, -243
[06:28:08] [Server thread/INFO]: Changed the block at 1824, 66, -304
[06:28:08] [Server thread/INFO]: Changed the block at 1824, 66, -303
[06:28:08] [Server thread/INFO]: Changed the block at 1824, 66, -302
[06:28:08] [Server thread/INFO]: Changed the block at 1824, 66, -245
[06:28:08] [Server thread/INFO]: Changed the block at 1824, 66, -234
[06:28:08] [Server thread/INFO]: Changed the block at 1824, 66, -233
[06:28:08] [Server thread/INFO]: Changed the block at 1824, 66, -232
[06:28:08] [Server thread/INFO]: Changed the block at 1824, 66, -225
[06:28:08] [Server thread/INFO]: Changed the block at 1824, 66, -224
[06:28:08] [Server thread/INFO]: Changed the block at 1824, 66, -223
[06:28:08] [Server thread/INFO]: Changed the block at 1824, 67, -280
[06:28:08] [Server thread/INFO]: Changed the block at 1824, 67, -231
[06:28:08] [Server thread/INFO]: Changed the block at 1824, 67, -226
[06:28:08] [Server thread/INFO]: Changed the block at 1824, 67, -224
[06:28:08] [Server thread/INFO]: Changed the block at 1824, 68, -280
[06:28:08] [Server thread/INFO]: Changed the block at 1824, 68, -209
[06:28:08] [Server thread/INFO]: Changed the block at 1824, 68, -202
[06:28:08] [Server thread/INFO]: Changed the block at 1824, 68, -201
[06:28:08] [Server thread/INFO]: Changed the block at 1824, 68, -200
[06:28:08] [Server thread/INFO]: Changed the block at 1824, 68, -199
[06:28:08] [Server thread/INFO]: Changed the block at 1824, 69, -209
[06:28:08] [Server thread/INFO]: Changed the block at 1825, 65, -306
[06:28:08] [Server thread/INFO]: Changed the block at 1825, 65, -305
[06:28:08] [Server thread/INFO]: Changed the block at 1825, 65, -245
[06:28:08] [Server thread/INFO]: Changed the block at 1825, 65, -244
[06:28:08] [Server thread/INFO]: Changed the block at 1825, 65, -243
[06:28:08] [Server thread/INFO]: Changed the block at 1825, 66, -305
[06:28:08] [Server thread/INFO]: Changed the block at 1825, 66, -304
[06:28:08] [Server thread/INFO]: Changed the block at 1825, 66, -303
[06:28:08] [Server thread/INFO]: Changed the block at 1825, 66, -244
[06:28:08] [Server thread/INFO]: Changed the block at 1825, 66, -243
[06:28:08] [Server thread/INFO]: Changed the block at 1825, 66, -233
[06:28:08] [Server thread/INFO]: Changed the block at 1825, 66, -232
[06:28:08] [Server thread/INFO]: Changed the block at 1825, 66, -231
[06:28:08] [Server thread/INFO]: Changed the block at 1825, 66, -227
[06:28:08] [Server thread/INFO]: Changed the block at 1825, 66, -225
[06:28:08] [Server thread/INFO]: Changed the block at 1825, 66, -224
[06:28:08] [Server thread/INFO]: Changed the block at 1825, 67, -230
[06:28:08] [Server thread/INFO]: Changed the block at 1825, 67, -226
[06:28:08] [Server thread/INFO]: Changed the block at 1825, 67, -225
[06:28:08] [Server thread/INFO]: Changed the block at 1825, 68, -201
[06:28:08] [Server thread/INFO]: Changed the block at 1825, 68, -200
[06:28:08] [Server thread/INFO]: Changed the block at 1825, 68, -199
[06:28:08] [Server thread/INFO]: Changed the block at 1825, 68, -198
[06:28:08] [Server thread/INFO]: Changed the block at 1825, 69, -198
[06:28:08] [Server thread/INFO]: Changed the block at 1826, 65, -307
[06:28:08] [Server thread/INFO]: Changed the block at 1826, 65, -306
[06:28:08] [Server thread/INFO]: Changed the block at 1826, 65, -305
[06:28:08] [Server thread/INFO]: Changed the block at 1826, 65, -245
[06:28:08] [Server thread/INFO]: Changed the block at 1826, 65, -244
[06:28:08] [Server thread/INFO]: Changed the block at 1826, 65, -243
[06:28:08] [Server thread/INFO]: Changed the block at 1826, 66, -304
[06:28:08] [Server thread/INFO]: Changed the block at 1826, 66, -232
[06:28:08] [Server thread/INFO]: Changed the block at 1826, 66, -231
[06:28:08] [Server thread/INFO]: Changed the block at 1826, 66, -230
[06:28:08] [Server thread/INFO]: Changed the block at 1826, 66, -229
[06:28:08] [Server thread/INFO]: Changed the block at 1826, 66, -228
[06:28:08] [Server thread/INFO]: Changed the block at 1826, 66, -227
[06:28:08] [Server thread/INFO]: Changed the block at 1826, 66, -226
[06:28:08] [Server thread/INFO]: Changed the block at 1826, 67, -231
[06:28:08] [Server thread/INFO]: Changed the block at 1826, 67, -226
[06:28:08] [Server thread/INFO]: Changed the block at 1826, 67, -225
[06:28:08] [Server thread/INFO]: Changed the block at 1826, 68, -200
[06:28:08] [Server thread/INFO]: Changed the block at 1826, 68, -199
[06:28:08] [Server thread/INFO]: Changed the block at 1826, 68, -198
[06:28:08] [Server thread/INFO]: Changed the block at 1826, 68, -197
[06:28:08] [Server thread/INFO]: Changed the block at 1826, 69, -197
[06:28:08] [Server thread/INFO]: Changed the block at 1827, 65, -308
[06:28:08] [Server thread/INFO]: Changed the block at 1827, 65, -307
[06:28:08] [Server thread/INFO]: Changed the block at 1827, 65, -306
[06:28:08] [Server thread/INFO]: Changed the block at 1827, 65, -305
[06:28:08] [Server thread/INFO]: Changed the block at 1827, 65, -245
[06:28:08] [Server thread/INFO]: Changed the block at 1827, 65, -244
[06:28:08] [Server thread/INFO]: Changed the block at 1827, 65, -243
[06:28:08] [Server thread/INFO]: Changed the block at 1827, 66, -244
[06:28:08] [Server thread/INFO]: Changed the block at 1827, 66, -231
[06:28:08] [Server thread/INFO]: Changed the block at 1827, 66, -230
[06:28:08] [Server thread/INFO]: Changed the block at 1827, 66, -229
[06:28:08] [Server thread/INFO]: Changed the block at 1827, 66, -228
[06:28:08] [Server thread/INFO]: Changed the block at 1827, 66, -227
[06:28:08] [Server thread/INFO]: Changed the block at 1827, 66, -226
[06:28:08] [Server thread/INFO]: Changed the block at 1827, 67, -229
[06:28:08] [Server thread/INFO]: Changed the block at 1827, 67, -226
[06:28:08] [Server thread/INFO]: Changed the block at 1827, 68, -199
[06:28:08] [Server thread/INFO]: Changed the block at 1827, 68, -198
[06:28:08] [Server thread/INFO]: Changed the block at 1827, 68, -197
[06:28:08] [Server thread/INFO]: Changed the block at 1827, 68, -196
[06:28:08] [Server thread/INFO]: Changed the block at 1827, 68, -195
[06:28:08] [Server thread/INFO]: Changed the block at 1827, 68, -194
[06:28:08] [Server thread/INFO]: Changed the block at 1827, 69, -199
[06:28:08] [Server thread/INFO]: Changed the block at 1827, 69, -193
[06:28:08] [Server thread/INFO]: Changed the block at 1827, 69, -192
[06:28:08] [Server thread/INFO]: Changed the block at 1827, 69, -191
[06:28:08] [Server thread/INFO]: Changed the block at 1827, 69, -190
[06:28:08] [Server thread/INFO]: Changed the block at 1827, 69, -189
[06:28:08] [Server thread/INFO]: Changed the block at 1827, 69, -188
[06:28:08] [Server thread/INFO]: Changed the block at 1827, 69, -187
[06:28:08] [Server thread/INFO]: Changed the block at 1827, 70, -187
[06:28:08] [Server thread/INFO]: Changed the block at 1827, 70, -186
[06:28:08] [Server thread/INFO]: Changed the block at 1827, 70, -185
[06:28:08] [Server thread/INFO]: Changed the block at 1827, 70, -184
[06:28:08] [Server thread/INFO]: Changed the block at 1827, 70, -183
[06:28:08] [Server thread/INFO]: Changed the block at 1827, 70, -182
[06:28:08] [Server thread/INFO]: Changed the block at 1827, 71, -181
[06:28:08] [Server thread/INFO]: Changed the block at 1827, 71, -180
[06:28:08] [Server thread/INFO]: Changed the block at 1827, 71, -179
[06:28:08] [Server thread/INFO]: Changed the block at 1827, 71, -178
[06:28:08] [Server thread/INFO]: Changed the block at 1827, 71, -177
[06:28:08] [Server thread/INFO]: Changed the block at 1827, 71, -176
[06:28:08] [Server thread/INFO]: Changed the block at 1827, 71, -175
[06:28:08] [Server thread/INFO]: Changed the block at 1827, 71, -174
[06:28:08] [Server thread/INFO]: Changed the block at 1827, 71, -173
[06:28:08] [Server thread/INFO]: Changed the block at 1827, 71, -172
[06:28:08] [Server thread/INFO]: Changed the block at 1827, 72, -175
[06:28:08] [Server thread/INFO]: Changed the block at 1827, 72, -173
[06:28:08] [Server thread/INFO]: Changed the block at 1828, 65, -309
[06:28:08] [Server thread/INFO]: Changed the block at 1828, 65, -308
[06:28:08] [Server thread/INFO]: Changed the block at 1828, 65, -307
[06:28:08] [Server thread/INFO]: Changed the block at 1828, 65, -306
[06:28:08] [Server thread/INFO]: Changed the block at 1828, 65, -245
[06:28:08] [Server thread/INFO]: Changed the block at 1828, 66, -244
[06:28:08] [Server thread/INFO]: Changed the block at 1828, 66, -243
[06:28:08] [Server thread/INFO]: Changed the block at 1828, 66, -230
[06:28:08] [Server thread/INFO]: Changed the block at 1828, 66, -228
[06:28:08] [Server thread/INFO]: Changed the block at 1828, 66, -227
[06:28:08] [Server thread/INFO]: Changed the block at 1828, 67, -229
[06:28:08] [Server thread/INFO]: Changed the block at 1828, 67, -228
[06:28:08] [Server thread/INFO]: Changed the block at 1828, 68, -198
[06:28:08] [Server thread/INFO]: Changed the block at 1828, 68, -197
[06:28:08] [Server thread/INFO]: Changed the block at 1828, 68, -196
[06:28:08] [Server thread/INFO]: Changed the block at 1828, 68, -195
[06:28:08] [Server thread/INFO]: Changed the block at 1828, 69, -197
[06:28:08] [Server thread/INFO]: Changed the block at 1828, 69, -195
[06:28:08] [Server thread/INFO]: Changed the block at 1828, 69, -194
[06:28:08] [Server thread/INFO]: Changed the block at 1828, 69, -193
[06:28:08] [Server thread/INFO]: Changed the block at 1828, 69, -192
[06:28:08] [Server thread/INFO]: Changed the block at 1828, 69, -191
[06:28:08] [Server thread/INFO]: Changed the block at 1828, 69, -190
[06:28:08] [Server thread/INFO]: Changed the block at 1828, 69, -189
[06:28:08] [Server thread/INFO]: Changed the block at 1828, 69, -188
[06:28:08] [Server thread/INFO]: Changed the block at 1828, 69, -187
[06:28:08] [Server thread/INFO]: Changed the block at 1828, 69, -186
[06:28:08] [Server thread/INFO]: Changed the block at 1828, 69, -185
[06:28:08] [Server thread/INFO]: Changed the block at 1828, 69, -184
[06:28:08] [Server thread/INFO]: Changed the block at 1828, 70, -184
[06:28:08] [Server thread/INFO]: Changed the block at 1828, 70, -183
[06:28:08] [Server thread/INFO]: Changed the block at 1828, 70, -182
[06:28:08] [Server thread/INFO]: Changed the block at 1828, 70, -181
[06:28:08] [Server thread/INFO]: Changed the block at 1828, 71, -181
[06:28:08] [Server thread/INFO]: Changed the block at 1828, 71, -180
[06:28:08] [Server thread/INFO]: Changed the block at 1828, 71, -179
[06:28:08] [Server thread/INFO]: Changed the block at 1828, 71, -178
[06:28:08] [Server thread/INFO]: Changed the block at 1828, 71, -177
[06:28:08] [Server thread/INFO]: Changed the block at 1828, 71, -176
[06:28:08] [Server thread/INFO]: Changed the block at 1828, 71, -175
[06:28:08] [Server thread/INFO]: Changed the block at 1828, 71, -174
[06:28:08] [Server thread/INFO]: Changed the block at 1828, 71, -173
[06:28:08] [Server thread/INFO]: Changed the block at 1828, 71, -172
[06:28:08] [Server thread/INFO]: Changed the block at 1828, 72, -179
[06:28:08] [Server thread/INFO]: Changed the block at 1828, 72, -174
[06:28:08] [Server thread/INFO]: Changed the block at 1828, 72, -172
[06:28:08] [Server thread/INFO]: Changed the block at 1829, 65, -310
[06:28:08] [Server thread/INFO]: Changed the block at 1829, 65, -309
[06:28:08] [Server thread/INFO]: Changed the block at 1829, 65, -308
[06:28:08] [Server thread/INFO]: Changed the block at 1829, 65, -307
[06:28:08] [Server thread/INFO]: Changed the block at 1829, 66, -245
[06:28:08] [Server thread/INFO]: Changed the block at 1829, 66, -244
[06:28:08] [Server thread/INFO]: Changed the block at 1829, 66, -243
[06:28:08] [Server thread/INFO]: Changed the block at 1829, 66, -229
[06:28:08] [Server thread/INFO]: Changed the block at 1829, 68, -197
[06:28:08] [Server thread/INFO]: Changed the block at 1829, 68, -196
[06:28:08] [Server thread/INFO]: Changed the block at 1829, 68, -195
[06:28:08] [Server thread/INFO]: Changed the block at 1829, 68, -194
[06:28:08] [Server thread/INFO]: Changed the block at 1829, 68, -193
[06:28:08] [Server thread/INFO]: Changed the block at 1829, 68, -192
[06:28:08] [Server thread/INFO]: Changed the block at 1829, 68, -191
[06:28:08] [Server thread/INFO]: Changed the block at 1829, 69, -190
[06:28:08] [Server thread/INFO]: Changed the block at 1829, 69, -189
[06:28:08] [Server thread/INFO]: Changed the block at 1829, 69, -188
[06:28:08] [Server thread/INFO]: Changed the block at 1829, 69, -187
[06:28:08] [Server thread/INFO]: Changed the block at 1829, 69, -186
[06:28:08] [Server thread/INFO]: Changed the block at 1829, 69, -185
[06:28:08] [Server thread/INFO]: Changed the block at 1829, 69, -184
[06:28:08] [Server thread/INFO]: Changed the block at 1829, 69, -183
[06:28:08] [Server thread/INFO]: Changed the block at 1829, 69, -182
[06:28:08] [Server thread/INFO]: Changed the block at 1829, 70, -181
[06:28:08] [Server thread/INFO]: Changed the block at 1829, 70, -180
[06:28:08] [Server thread/INFO]: Changed the block at 1829, 70, -179
[06:28:08] [Server thread/INFO]: Changed the block at 1829, 70, -178
[06:28:08] [Server thread/INFO]: Changed the block at 1829, 71, -178
[06:28:08] [Server thread/INFO]: Changed the block at 1829, 71, -177
[06:28:08] [Server thread/INFO]: Changed the block at 1829, 71, -176
[06:28:08] [Server thread/INFO]: Changed the block at 1829, 71, -175
[06:28:08] [Server thread/INFO]: Changed the block at 1829, 71, -174
[06:28:08] [Server thread/INFO]: Changed the block at 1829, 71, -173
[06:28:08] [Server thread/INFO]: Changed the block at 1829, 71, -172
[06:28:08] [Server thread/INFO]: Changed the block at 1830, 64, -311
[06:28:08] [Server thread/INFO]: Changed the block at 1830, 65, -310
[06:28:08] [Server thread/INFO]: Changed the block at 1830, 65, -309
[06:28:08] [Server thread/INFO]: Changed the block at 1830, 65, -308
[06:28:08] [Server thread/INFO]: Changed the block at 1830, 66, -245
[06:28:08] [Server thread/INFO]: Changed the block at 1830, 66, -244
[06:28:08] [Server thread/INFO]: Changed the block at 1830, 66, -243
[06:28:08] [Server thread/INFO]: Changed the block at 1830, 67, -243
[06:28:08] [Server thread/INFO]: Changed the block at 1830, 72, -172
[06:28:08] [Server thread/INFO]: Changed the block at 1830, 73, -172
[06:28:08] [Server thread/INFO]: Changed the block at 1831, 64, -312
[06:28:08] [Server thread/INFO]: Changed the block at 1831, 64, -311
[06:28:08] [Server thread/INFO]: Changed the block at 1831, 65, -311
[06:28:08] [Server thread/INFO]: Changed the block at 1831, 65, -310
[06:28:08] [Server thread/INFO]: Changed the block at 1831, 65, -309
[06:28:08] [Server thread/INFO]: Changed the block at 1831, 66, -245
[06:28:08] [Server thread/INFO]: Changed the block at 1831, 66, -244
[06:28:08] [Server thread/INFO]: Changed the block at 1831, 66, -243
[06:28:08] [Server thread/INFO]: Changed the block at 1832, 64, -313
[06:28:08] [Server thread/INFO]: Changed the block at 1832, 64, -312
[06:28:08] [Server thread/INFO]: Changed the block at 1832, 64, -311
[06:28:08] [Server thread/INFO]: Changed the block at 1832, 65, -310
[06:28:08] [Server thread/INFO]: Changed the block at 1832, 66, -245
[06:28:08] [Server thread/INFO]: Changed the block at 1832, 66, -244
[06:28:08] [Server thread/INFO]: Changed the block at 1832, 66, -243
[06:28:08] [Server thread/INFO]: Changed the block at 1833, 64, -314
[06:28:08] [Server thread/INFO]: Changed the block at 1833, 64, -313
[06:28:08] [Server thread/INFO]: Changed the block at 1833, 64, -312
[06:28:08] [Server thread/INFO]: Changed the block at 1833, 64, -311
[06:28:08] [Server thread/INFO]: Changed the block at 1833, 66, -245
[06:28:08] [Server thread/INFO]: Changed the block at 1833, 66, -244
[06:28:08] [Server thread/INFO]: Changed the block at 1833, 66, -243
[06:28:08] [Server thread/INFO]: Changed the block at 1833, 67, -243
[06:28:08] [Server thread/INFO]: Changed the block at 1834, 64, -315
[06:28:08] [Server thread/INFO]: Changed the block at 1834, 64, -314
[06:28:08] [Server thread/INFO]: Changed the block at 1834, 64, -313
[06:28:08] [Server thread/INFO]: Changed the block at 1834, 64, -312
[06:28:08] [Server thread/INFO]: Changed the block at 1834, 66, -245
[06:28:08] [Server thread/INFO]: Changed the block at 1834, 66, -244
[06:28:08] [Server thread/INFO]: Changed the block at 1834, 66, -243
[06:28:08] [Server thread/INFO]: Changed the block at 1835, 64, -316
[06:28:08] [Server thread/INFO]: Changed the block at 1835, 64, -315
[06:28:08] [Server thread/INFO]: Changed the block at 1835, 64, -314
[06:28:08] [Server thread/INFO]: Changed the block at 1835, 64, -313
[06:28:08] [Server thread/INFO]: Changed the block at 1835, 66, -245
[06:28:08] [Server thread/INFO]: Changed the block at 1835, 66, -244
[06:28:08] [Server thread/INFO]: Changed the block at 1835, 66, -243
[06:28:08] [Server thread/INFO]: Changed the block at 1836, 64, -316
[06:28:08] [Server thread/INFO]: Changed the block at 1836, 64, -315
[06:28:08] [Server thread/INFO]: Changed the block at 1836, 64, -314
[06:28:08] [Server thread/INFO]: Changed the block at 1836, 66, -280
[06:28:08] [Server thread/INFO]: Changed the block at 1836, 66, -245
[06:28:08] [Server thread/INFO]: Changed the block at 1836, 66, -244
[06:28:08] [Server thread/INFO]: Changed the block at 1836, 66, -243
[06:28:08] [Server thread/INFO]: Changed the block at 1836, 67, -280
[06:28:08] [Server thread/INFO]: Changed the block at 1836, 69, -209
[06:28:08] [Server thread/INFO]: Changed the block at 1836, 70, -209
[06:28:08] [Server thread/INFO]: Changed the block at 1837, 64, -316
[06:28:08] [Server thread/INFO]: Changed the block at 1837, 64, -315
[06:28:08] [Server thread/INFO]: Changed the block at 1837, 66, -245
[06:28:08] [Server thread/INFO]: Changed the block at 1837, 66, -244
[06:28:08] [Server thread/INFO]: Changed the block at 1837, 66, -243
[06:28:08] [Server thread/INFO]: Changed the block at 1838, 65, -316
[06:28:08] [Server thread/INFO]: Changed the block at 1838, 66, -316
[06:28:08] [Server thread/INFO]: Changed the block at 1838, 66, -245
[06:28:08] [Server thread/INFO]: Changed the block at 1838, 66, -244
[06:28:08] [Server thread/INFO]: Changed the block at 1838, 66, -243
[06:28:08] [Server thread/INFO]: Changed the block at 1839, 66, -244
[06:28:08] [Server thread/INFO]: Changed the block at 1839, 66, -243
[06:28:08] [Server thread/INFO]: Changed the block at 1839, 67, -243
[06:28:08] [Server thread/INFO]: Changed the block at 1840, 58, -245
[06:28:08] [Server thread/INFO]: Changed the block at 1840, 58, -244
[06:28:08] [Server thread/INFO]: Changed the block at 1841, 61, -244
[06:28:08] [Server thread/INFO]: Changed the block at 1841, 62, -245
[06:28:08] [Server thread/INFO]: Changed the block at 1842, 63, -243
[06:28:08] [Server thread/INFO]: Changed the block at 1842, 64, -245
[06:28:08] [Server thread/INFO]: Changed the block at 1842, 64, -244
[06:28:08] [Server thread/INFO]: Changed the block at 1842, 65, -244
[06:28:08] [Server thread/INFO]: Changed the block at 1843, 64, -243
[06:28:08] [Server thread/INFO]: Changed the block at 1843, 65, -245
[06:28:08] [Server thread/INFO]: Changed the block at 1843, 65, -244
[06:28:08] [Server thread/INFO]: Changed the block at 1843, 66, -244
[06:28:08] [Server thread/INFO]: Changed the block at 1844, 65, -243
[06:28:08] [Server thread/INFO]: Changed the block at 1844, 66, -245
[06:28:08] [Server thread/INFO]: Changed the block at 1844, 66, -244
[06:28:08] [Server thread/INFO]: Changed the block at 1844, 66, -242
[06:28:08] [Server thread/INFO]: Changed the block at 1844, 67, -242
[06:28:08] [Server thread/INFO]: Changed the block at 1845, 65, -242
[06:28:08] [Server thread/INFO]: Changed the block at 1845, 66, -244
[06:28:08] [Server thread/INFO]: Changed the block at 1845, 66, -243
[06:28:08] [Server thread/INFO]: Changed the block at 1846, 65, -241
[06:28:08] [Server thread/INFO]: Changed the block at 1846, 66, -244
[06:28:08] [Server thread/INFO]: Changed the block at 1846, 66, -243
[06:28:08] [Server thread/INFO]: Changed the block at 1846, 66, -242
[06:28:08] [Server thread/INFO]: Changed the block at 1847, 64, -280
[06:28:08] [Server thread/INFO]: Changed the block at 1847, 65, -280
[06:28:08] [Server thread/INFO]: Changed the block at 1847, 65, -256
[06:28:08] [Server thread/INFO]: Changed the block at 1847, 65, -240
[06:28:08] [Server thread/INFO]: Changed the block at 1847, 66, -268
[06:28:08] [Server thread/INFO]: Changed the block at 1847, 66, -256
[06:28:08] [Server thread/INFO]: Changed the block at 1847, 66, -243
[06:28:08] [Server thread/INFO]: Changed the block at 1847, 66, -242
[06:28:08] [Server thread/INFO]: Changed the block at 1847, 66, -241
[06:28:08] [Server thread/INFO]: Changed the block at 1847, 67, -268
[06:28:08] [Server thread/INFO]: Changed the block at 1847, 67, -244
[06:28:08] [Server thread/INFO]: Changed the block at 1847, 68, -244
[06:28:08] [Server thread/INFO]: Changed the block at 1847, 68, -220
[06:28:08] [Server thread/INFO]: Changed the block at 1847, 69, -232
[06:28:08] [Server thread/INFO]: Changed the block at 1847, 69, -220
[06:28:08] [Server thread/INFO]: Changed the block at 1847, 70, -232
[06:28:08] [Server thread/INFO]: Changed the block at 1848, 66, -242
[06:28:08] [Server thread/INFO]: Changed the block at 1848, 66, -241
[06:28:08] [Server thread/INFO]: Changed the block at 1848, 66, -239
[06:28:08] [Server thread/INFO]: Changed the block at 1848, 67, -241
[06:28:08] [Server thread/INFO]: Changed the block at 1848, 67, -240
[06:28:08] [Server thread/INFO]: Changed the block at 1849, 66, -241
[06:28:08] [Server thread/INFO]: Changed the block at 1849, 66, -240
[06:28:08] [Server thread/INFO]: Changed the block at 1849, 66, -239
[06:28:08] [Server thread/INFO]: Changed the block at 1849, 67, -240
[06:28:08] [Server thread/INFO]: Changed the block at 1849, 67, -238
[06:28:08] [Server thread/INFO]: Changed the block at 1850, 66, -240
[06:28:08] [Server thread/INFO]: Changed the block at 1850, 66, -239
[06:28:08] [Server thread/INFO]: Changed the block at 1850, 67, -239
[06:28:08] [Server thread/INFO]: Changed the block at 1850, 67, -238
[06:28:08] [Server thread/INFO]: Changed the block at 1850, 67, -237
[06:28:08] [Server thread/INFO]: Changed the block at 1851, 65, -204
[06:28:08] [Server thread/INFO]: Changed the block at 1851, 66, -213
[06:28:08] [Server thread/INFO]: Changed the block at 1851, 66, -212
[06:28:08] [Server thread/INFO]: Changed the block at 1851, 66, -211
[06:28:08] [Server thread/INFO]: Changed the block at 1851, 66, -210
[06:28:08] [Server thread/INFO]: Changed the block at 1851, 66, -207
[06:28:08] [Server thread/INFO]: Changed the block at 1851, 66, -206
[06:28:08] [Server thread/INFO]: Changed the block at 1851, 66, -205
[06:28:08] [Server thread/INFO]: Changed the block at 1851, 67, -239
[06:28:08] [Server thread/INFO]: Changed the block at 1851, 67, -238
[06:28:08] [Server thread/INFO]: Changed the block at 1851, 67, -237
[06:28:08] [Server thread/INFO]: Changed the block at 1851, 67, -236
[06:28:08] [Server thread/INFO]: Changed the block at 1851, 67, -235
[06:28:08] [Server thread/INFO]: Changed the block at 1851, 67, -234
[06:28:08] [Server thread/INFO]: Changed the block at 1851, 67, -227
[06:28:08] [Server thread/INFO]: Changed the block at 1851, 67, -226
[06:28:08] [Server thread/INFO]: Changed the block at 1851, 67, -225
[06:28:08] [Server thread/INFO]: Changed the block at 1851, 67, -224
[06:28:08] [Server thread/INFO]: Changed the block at 1851, 67, -223
[06:28:08] [Server thread/INFO]: Changed the block at 1851, 67, -222
[06:28:08] [Server thread/INFO]: Changed the block at 1851, 67, -221
[06:28:08] [Server thread/INFO]: Changed the block at 1851, 67, -220
[06:28:08] [Server thread/INFO]: Changed the block at 1851, 67, -219
[06:28:08] [Server thread/INFO]: Changed the block at 1851, 67, -218
[06:28:08] [Server thread/INFO]: Changed the block at 1851, 67, -217
[06:28:08] [Server thread/INFO]: Changed the block at 1851, 67, -216
[06:28:08] [Server thread/INFO]: Changed the block at 1851, 67, -215
[06:28:08] [Server thread/INFO]: Changed the block at 1851, 67, -214
[06:28:08] [Server thread/INFO]: Changed the block at 1851, 67, -209
[06:28:08] [Server thread/INFO]: Changed the block at 1851, 67, -208
[06:28:08] [Server thread/INFO]: Changed the block at 1851, 68, -233
[06:28:08] [Server thread/INFO]: Changed the block at 1851, 68, -232
[06:28:08] [Server thread/INFO]: Changed the block at 1851, 68, -230
[06:28:08] [Server thread/INFO]: Changed the block at 1851, 68, -229
[06:28:08] [Server thread/INFO]: Changed the block at 1851, 68, -228
[06:28:08] [Server thread/INFO]: Changed the block at 1851, 68, -223
[06:28:08] [Server thread/INFO]: Changed the block at 1851, 68, -215
[06:28:08] [Server thread/INFO]: Changed the block at 1851, 69, -232
[06:28:08] [Server thread/INFO]: Changed the block at 1851, 69, -231
[06:28:08] [Server thread/INFO]: Changed the block at 1851, 69, -229
[06:28:08] [Server thread/INFO]: Changed the block at 1852, 65, -206
[06:28:08] [Server thread/INFO]: Changed the block at 1852, 65, -205
[06:28:08] [Server thread/INFO]: Changed the block at 1852, 65, -204
[06:28:08] [Server thread/INFO]: Changed the block at 1852, 66, -214
[06:28:08] [Server thread/INFO]: Changed the block at 1852, 66, -213
[06:28:08] [Server thread/INFO]: Changed the block at 1852, 66, -212
[06:28:08] [Server thread/INFO]: Changed the block at 1852, 66, -211
[06:28:08] [Server thread/INFO]: Changed the block at 1852, 66, -210
[06:28:08] [Server thread/INFO]: Changed the block at 1852, 66, -209
[06:28:08] [Server thread/INFO]: Changed the block at 1852, 66, -208
[06:28:08] [Server thread/INFO]: Changed the block at 1852, 66, -207
[06:28:08] [Server thread/INFO]: Changed the block at 1852, 66, -206
[06:28:08] [Server thread/INFO]: Changed the block at 1852, 67, -238
[06:28:08] [Server thread/INFO]: Changed the block at 1852, 67, -237
[06:28:08] [Server thread/INFO]: Changed the block at 1852, 67, -236
[06:28:08] [Server thread/INFO]: Changed the block at 1852, 67, -235
[06:28:08] [Server thread/INFO]: Changed the block at 1852, 67, -234
[06:28:08] [Server thread/INFO]: Changed the block at 1852, 67, -233
[06:28:08] [Server thread/INFO]: Changed the block at 1852, 67, -226
[06:28:08] [Server thread/INFO]: Changed the block at 1852, 67, -225
[06:28:08] [Server thread/INFO]: Changed the block at 1852, 67, -224
[06:28:08] [Server thread/INFO]: Changed the block at 1852, 67, -223
[06:28:08] [Server thread/INFO]: Changed the block at 1852, 67, -222
[06:28:08] [Server thread/INFO]: Changed the block at 1852, 67, -221
[06:28:08] [Server thread/INFO]: Changed the block at 1852, 67, -219
[06:28:08] [Server thread/INFO]: Changed the block at 1852, 67, -217
[06:28:08] [Server thread/INFO]: Changed the block at 1852, 67, -216
[06:28:08] [Server thread/INFO]: Changed the block at 1852, 67, -215
[06:28:08] [Server thread/INFO]: Changed the block at 1852, 67, -214
[06:28:08] [Server thread/INFO]: Changed the block at 1852, 67, -208
[06:28:08] [Server thread/INFO]: Changed the block at 1852, 68, -233
[06:28:08] [Server thread/INFO]: Changed the block at 1852, 68, -232
[06:28:08] [Server thread/INFO]: Changed the block at 1852, 68, -231
[06:28:08] [Server thread/INFO]: Changed the block at 1852, 68, -230
[06:28:08] [Server thread/INFO]: Changed the block at 1852, 68, -229
[06:28:08] [Server thread/INFO]: Changed the block at 1852, 68, -228
[06:28:08] [Server thread/INFO]: Changed the block at 1852, 68, -227
[06:28:08] [Server thread/INFO]: Changed the block at 1852, 68, -226
[06:28:08] [Server thread/INFO]: Changed the block at 1852, 68, -223
[06:28:08] [Server thread/INFO]: Changed the block at 1852, 68, -221
[06:28:08] [Server thread/INFO]: Changed the block at 1852, 68, -220
[06:28:08] [Server thread/INFO]: Changed the block at 1852, 68, -219
[06:28:08] [Server thread/INFO]: Changed the block at 1852, 68, -218
[06:28:08] [Server thread/INFO]: Changed the block at 1852, 68, -217
[06:28:08] [Server thread/INFO]: Changed the block at 1853, 64, -204
[06:28:08] [Server thread/INFO]: Changed the block at 1853, 65, -214
[06:28:08] [Server thread/INFO]: Changed the block at 1853, 65, -213
[06:28:08] [Server thread/INFO]: Changed the block at 1853, 65, -212
[06:28:08] [Server thread/INFO]: Changed the block at 1853, 65, -211
[06:28:08] [Server thread/INFO]: Changed the block at 1853, 65, -210
[06:28:08] [Server thread/INFO]: Changed the block at 1853, 65, -209
[06:28:08] [Server thread/INFO]: Changed the block at 1853, 65, -208
[06:28:08] [Server thread/INFO]: Changed the block at 1853, 65, -207
[06:28:08] [Server thread/INFO]: Changed the block at 1853, 65, -206
[06:28:08] [Server thread/INFO]: Changed the block at 1853, 65, -205
[06:28:08] [Server thread/INFO]: Changed the block at 1853, 65, -204
[06:28:08] [Server thread/INFO]: Changed the block at 1853, 66, -219
[06:28:08] [Server thread/INFO]: Changed the block at 1853, 66, -217
[06:28:08] [Server thread/INFO]: Changed the block at 1853, 66, -216
[06:28:08] [Server thread/INFO]: Changed the block at 1853, 66, -215
[06:28:08] [Server thread/INFO]: Changed the block at 1853, 67, -237
[06:28:08] [Server thread/INFO]: Changed the block at 1853, 67, -236
[06:28:08] [Server thread/INFO]: Changed the block at 1853, 67, -235
[06:28:08] [Server thread/INFO]: Changed the block at 1853, 67, -234
[06:28:08] [Server thread/INFO]: Changed the block at 1853, 67, -233
[06:28:08] [Server thread/INFO]: Changed the block at 1853, 67, -226
[06:28:08] [Server thread/INFO]: Changed the block at 1853, 67, -225
[06:28:08] [Server thread/INFO]: Changed the block at 1853, 67, -224
[06:28:08] [Server thread/INFO]: Changed the block at 1853, 67, -223
[06:28:08] [Server thread/INFO]: Changed the block at 1853, 67, -222
[06:28:08] [Server thread/INFO]: Changed the block at 1853, 67, -221
[06:28:08] [Server thread/INFO]: Changed the block at 1853, 68, -232
[06:28:08] [Server thread/INFO]: Changed the block at 1853, 68, -231
[06:28:08] [Server thread/INFO]: Changed the block at 1853, 68, -230
[06:28:08] [Server thread/INFO]: Changed the block at 1853, 68, -229
[06:28:08] [Server thread/INFO]: Changed the block at 1853, 68, -228
[06:28:08] [Server thread/INFO]: Changed the block at 1853, 68, -227
[06:28:08] [Server thread/INFO]: Changed the block at 1853, 69, -230
[06:28:08] [Server thread/INFO]: Changed the block at 1854, 65, -204
[06:28:08] [Server thread/INFO]: Changed the block at 1854, 66, -204
[06:28:08] [Server thread/INFO]: Changed the block at 2274, 83, -4
[06:28:08] [Server thread/INFO]: Changed the block at 2274, 84, -4
[06:28:08] [Server thread/INFO]: Changed the block at 2276, 81, -5
[06:28:08] [Server thread/INFO]: Changed the block at 2276, 81, -4
[06:28:08] [Server thread/INFO]: Changed the block at 2276, 82, -3
[06:28:08] [Server thread/INFO]: Changed the block at 2277, 81, -5
[06:28:08] [Server thread/INFO]: Changed the block at 2277, 81, -4
[06:28:08] [Server thread/INFO]: Changed the block at 2277, 81, -3
[06:28:08] [Server thread/INFO]: Changed the block at 2278, 80, -5
[06:28:08] [Server thread/INFO]: Changed the block at 2278, 81, -4
[06:28:08] [Server thread/INFO]: Changed the block at 2278, 81, -3
[06:28:08] [Server thread/INFO]: Changed the block at 2278, 82, -4
[06:28:08] [Server thread/INFO]: Could not set the block
[06:28:08] [Server thread/INFO]: Changed the block at 2279, 80, -5
[06:28:08] [Server thread/INFO]: Changed the block at 2279, 80, -4
[06:28:08] [Server thread/INFO]: Changed the block at 2279, 80, -3
[06:28:08] [Server thread/INFO]: Changed the block at 2279, 81, -5
[06:28:08] [Server thread/INFO]: Changed the block at 2279, 81, -4
[06:28:08] [Server thread/INFO]: Changed the block at 2279, 81, -3
[06:28:08] [Server thread/INFO]: Could not set the block
[06:28:08] [Server thread/INFO]: Changed the block at 2280, 79, -5
[06:28:08] [Server thread/INFO]: Changed the block at 2280, 80, -4
[06:28:08] [Server thread/INFO]: Changed the block at 2280, 80, -3
[06:28:08] [Server thread/INFO]: Changed the block at 2280, 81, -3
[06:28:08] [Server thread/INFO]: Could not set the block
[06:28:08] [Server thread/INFO]: Changed the block at 2281, 79, -5
[06:28:08] [Server thread/INFO]: Changed the block at 2281, 79, -4
[06:28:08] [Server thread/INFO]: Changed the block at 2281, 79, -3
[06:28:08] [Server thread/INFO]: Changed the block at 2281, 80, -4
[06:28:08] [Server thread/INFO]: Changed the block at 2281, 80, -3
[06:28:08] [Server thread/INFO]: Could not set the block
[06:28:08] [Server thread/INFO]: Changed the block at 2282, 79, -5
[06:28:08] [Server thread/INFO]: Changed the block at 2282, 79, -4
[06:28:08] [Server thread/INFO]: Changed the block at 2282, 79, -3
[06:28:08] [Server thread/INFO]: Changed the block at 2282, 80, -5
[06:28:08] [Server thread/INFO]: Changed the block at 2282, 80, -4
[06:28:08] [Server thread/INFO]: Changed the block at 2282, 80, -3
[06:28:08] [Server thread/INFO]: Could not set the block
[06:28:08] [Server thread/INFO]: Could not set the block
[06:28:08] [Server thread/INFO]: Could not set the block
[06:28:08] [Server thread/INFO]: Changed the block at 2283, 79, -5
[06:28:08] [Server thread/INFO]: Changed the block at 2283, 79, -4
[06:28:08] [Server thread/INFO]: Changed the block at 2283, 80, -5
[06:28:08] [Server thread/INFO]: Changed the block at 2283, 80, -3
[06:28:08] [Server thread/INFO]: Could not set the block
[06:28:08] [Server thread/INFO]: Changed the block at 2284, 79, -5
[06:28:08] [Server thread/INFO]: Changed the block at 2284, 79, -4
[06:28:08] [Server thread/INFO]: Changed the block at 2284, 79, -3
[06:28:08] [Server thread/INFO]: Changed the block at 2284, 80, -5
[06:28:08] [Server thread/INFO]: Changed the block at 2285, 79, -5
[06:28:08] [Server thread/INFO]: Changed the block at 2285, 79, -4
[06:28:08] [Server thread/INFO]: Changed the block at 2285, 79, -3
[06:28:08] [Server thread/INFO]: Changed the block at 2286, 78, -5
[06:28:08] [Server thread/INFO]: Changed the block at 2286, 79, -5
[06:28:08] [Server thread/INFO]: Changed the block at 2286, 79, -4
[06:28:08] [Server thread/INFO]: Changed the block at 2286, 79, -3
[06:28:08] [Server thread/INFO]: Could not set the block
[06:28:08] [Server thread/INFO]: Changed the block at 2287, 78, -5
[06:28:08] [Server thread/INFO]: Changed the block at 2287, 78, -4
[06:28:08] [Server thread/INFO]: Changed the block at 2287, 79, -4
[06:28:08] [Server thread/INFO]: Changed the block at 2287, 79, -3
[06:28:08] [Server thread/INFO]: Changed the block at 2287, 80, -3
[06:28:08] [Server thread/INFO]: Changed the block at 2288, 78, -5
[06:28:08] [Server thread/INFO]: Changed the block at 2288, 78, -4
[06:28:08] [Server thread/INFO]: Changed the block at 2288, 79, -3
[06:28:08] [Server thread/INFO]: Changed the block at 2289, 78, -5
[06:28:08] [Server thread/INFO]: Changed the block at 2289, 78, -4
[06:28:08] [Server thread/INFO]: Changed the block at 2289, 78, -3
[06:28:08] [Server thread/INFO]: Changed the block at 2290, 78, -5
[06:28:08] [Server thread/INFO]: Changed the block at 2290, 78, -4
[06:28:08] [Server thread/INFO]: Changed the block at 2290, 78, -3
[06:28:08] [Server thread/INFO]: Changed the block at 2290, 79, -5
[06:28:08] [Server thread/INFO]: Changed the block at 2291, 77, -5
[06:28:08] [Server thread/INFO]: Changed the block at 2291, 77, -4
[06:28:08] [Server thread/INFO]: Changed the block at 2291, 78, -5
[06:28:08] [Server thread/INFO]: Changed the block at 2291, 78, -4
[06:28:08] [Server thread/INFO]: Changed the block at 2291, 78, -3
[06:28:08] [Server thread/INFO]: Changed the block at 2292, 77, -5
[06:28:08] [Server thread/INFO]: Changed the block at 2292, 77, -4
[06:28:08] [Server thread/INFO]: Changed the block at 2292, 77, -3
[06:28:08] [Server thread/INFO]: Changed the block at 2292, 78, -4
[06:28:08] [Server thread/INFO]: Changed the block at 2293, 76, -5
[06:28:08] [Server thread/INFO]: Changed the block at 2293, 77, -4
[06:28:08] [Server thread/INFO]: Changed the block at 2293, 77, -3
[06:28:08] [Server thread/INFO]: Changed the block at 2294, 76, -5
[06:28:08] [Server thread/INFO]: Changed the block at 2294, 76, -4
[06:28:08] [Server thread/INFO]: Changed the block at 2294, 77, -4
[06:28:08] [Server thread/INFO]: Changed the block at 2294, 77, -3
[06:28:08] [Server thread/INFO]: Changed the block at 2295, 76, -5
[06:28:08] [Server thread/INFO]: Changed the block at 2295, 76, -4
[06:28:08] [Server thread/INFO]: Changed the block at 2295, 76, -3
[06:28:08] [Server thread/INFO]: Changed the block at 2296, 76, -5
[06:28:08] [Server thread/INFO]: Changed the block at 2296, 76, -4
[06:28:08] [Server thread/INFO]: Changed the block at 2296, 76, -3
[06:28:08] [Server thread/INFO]: Changed the block at 2296, 77, -3
[06:28:08] [Server thread/INFO]: Changed the block at 2297, 76, -5
[06:28:08] [Server thread/INFO]: Changed the block at 2297, 76, -4
[06:28:08] [Server thread/INFO]: Changed the block at 2297, 76, -3
[06:28:08] [Server thread/INFO]: Changed the block at 2297, 77, -4
[06:28:08] [Server thread/INFO]: Changed the block at 2298, 76, -5
[06:28:08] [Server thread/INFO]: Changed the block at 2298, 76, -4
[06:28:08] [Server thread/INFO]: Changed the block at 2298, 76, -3
[06:28:08] [Server thread/INFO]: Changed the block at 2299, 76, -5
[06:28:08] [Server thread/INFO]: Changed the block at 2299, 76, -4
[06:28:08] [Server thread/INFO]: Changed the block at 2299, 76, -3
[06:28:08] [Server thread/INFO]: Changed the block at 2299, 77, -4
[06:28:08] [Server thread/INFO]: Changed the block at 2300, 76, -6
[06:28:08] [Server thread/INFO]: Changed the block at 2300, 76, -5
[06:28:08] [Server thread/INFO]: Changed the block at 2300, 76, -4
[06:28:08] [Server thread/INFO]: Changed the block at 2300, 76, -3
[06:28:08] [Server thread/INFO]: Changed the block at 2300, 77, -5
[06:28:08] [Server thread/INFO]: Changed the block at 2301, 76, -7
[06:28:08] [Server thread/INFO]: Changed the block at 2301, 76, -6
[06:28:08] [Server thread/INFO]: Changed the block at 2301, 76, -5
[06:28:08] [Server thread/INFO]: Changed the block at 2301, 76, -4
[06:28:08] [Server thread/INFO]: Changed the block at 2301, 77, -4
[06:28:08] [Server thread/INFO]: Changed the block at 2302, 76, -8
[06:28:08] [Server thread/INFO]: Changed the block at 2302, 76, -7
[06:28:08] [Server thread/INFO]: Changed the block at 2302, 76, -6
[06:28:08] [Server thread/INFO]: Changed the block at 2302, 76, -5
[06:28:08] [Server thread/INFO]: Changed the block at 2303, 76, -9
[06:28:08] [Server thread/INFO]: Changed the block at 2303, 76, -8
[06:28:08] [Server thread/INFO]: Changed the block at 2303, 76, -7
[06:28:08] [Server thread/INFO]: Changed the block at 2303, 76, -6
[06:28:08] [Server thread/INFO]: Changed the block at 2303, 77, -7
[06:28:08] [Server thread/INFO]: Changed the block at 2304, 76, -10
[06:28:08] [Server thread/INFO]: Changed the block at 2304, 76, -9
[06:28:08] [Server thread/INFO]: Changed the block at 2304, 76, -8
[06:28:08] [Server thread/INFO]: Changed the block at 2304, 76, -7
[06:28:08] [Server thread/INFO]: Changed the block at 2305, 76, -11
[06:28:08] [Server thread/INFO]: Changed the block at 2305, 76, -10
[06:28:08] [Server thread/INFO]: Changed the block at 2305, 76, -9
[06:28:08] [Server thread/INFO]: Changed the block at 2305, 76, -8
[06:28:08] [Server thread/INFO]: Changed the block at 2306, 76, -12
[06:28:08] [Server thread/INFO]: Changed the block at 2306, 76, -11
[06:28:08] [Server thread/INFO]: Changed the block at 2306, 76, -10
[06:28:08] [Server thread/INFO]: Changed the block at 2306, 76, -9
[06:28:08] [Server thread/INFO]: Changed the block at 2306, 77, -12
[06:28:08] [Server thread/INFO]: Changed the block at 2307, 76, -13
[06:28:08] [Server thread/INFO]: Changed the block at 2307, 76, -12
[06:28:08] [Server thread/INFO]: Changed the block at 2307, 76, -11
[06:28:08] [Server thread/INFO]: Changed the block at 2307, 76, -10
[06:28:08] [Server thread/INFO]: Changed the block at 2307, 77, -13
[06:28:08] [Server thread/INFO]: Changed the block at 2307, 77, -11
[06:28:08] [Server thread/INFO]: Changed the block at 2308, 76, -14
[06:28:08] [Server thread/INFO]: Changed the block at 2308, 76, -13
[06:28:08] [Server thread/INFO]: Changed the block at 2308, 76, -12
[06:28:08] [Server thread/INFO]: Changed the block at 2308, 76, -11
[06:28:08] [Server thread/INFO]: Changed the block at 2308, 77, -12
[06:28:08] [Server thread/INFO]: Changed the block at 2309, 76, -15
[06:28:08] [Server thread/INFO]: Changed the block at 2309, 76, -14
[06:28:08] [Server thread/INFO]: Changed the block at 2309, 76, -13
[06:28:08] [Server thread/INFO]: Changed the block at 2309, 76, -12
[06:28:08] [Server thread/INFO]: Changed the block at 2309, 77, -14
[06:28:08] [Server thread/INFO]: Changed the block at 2310, 76, -16
[06:28:08] [Server thread/INFO]: Changed the block at 2310, 76, -15
[06:28:08] [Server thread/INFO]: Changed the block at 2310, 76, -14
[06:28:08] [Server thread/INFO]: Changed the block at 2310, 76, -13
[06:28:08] [Server thread/INFO]: Changed the block at 2310, 77, -13
[06:28:08] [Server thread/INFO]: Changed the block at 2311, 76, -17
[06:28:08] [Server thread/INFO]: Changed the block at 2311, 76, -16
[06:28:08] [Server thread/INFO]: Changed the block at 2311, 76, -15
[06:28:08] [Server thread/INFO]: Changed the block at 2311, 76, -14
[06:28:08] [Server thread/INFO]: Changed the block at 2312, 72, -56
[06:28:08] [Server thread/INFO]: Changed the block at 2312, 73, -56
[06:28:08] [Server thread/INFO]: Changed the block at 2312, 74, -44
[06:28:08] [Server thread/INFO]: Changed the block at 2312, 74, -32
[06:28:08] [Server thread/INFO]: Changed the block at 2312, 75, -44
[06:28:08] [Server thread/INFO]: Changed the block at 2312, 75, -32
[06:28:08] [Server thread/INFO]: Changed the block at 2312, 75, 15
[06:28:08] [Server thread/INFO]: Changed the block at 2312, 76, -18
[06:28:08] [Server thread/INFO]: Changed the block at 2312, 76, -17
[06:28:08] [Server thread/INFO]: Changed the block at 2312, 76, -16
[06:28:08] [Server thread/INFO]: Changed the block at 2312, 76, -15
[06:28:08] [Server thread/INFO]: Changed the block at 2312, 76, -8
[06:28:08] [Server thread/INFO]: Changed the block at 2312, 76, 4
[06:28:08] [Server thread/INFO]: Changed the block at 2312, 76, 15
[06:28:08] [Server thread/INFO]: Changed the block at 2312, 77, -20
[06:28:08] [Server thread/INFO]: Changed the block at 2312, 77, -16
[06:28:08] [Server thread/INFO]: Changed the block at 2312, 77, -15
[06:28:08] [Server thread/INFO]: Changed the block at 2312, 77, -8
[06:28:08] [Server thread/INFO]: Changed the block at 2312, 77, 4
[06:28:08] [Server thread/INFO]: Changed the block at 2312, 78, -20
[06:28:08] [Server thread/INFO]: Changed the block at 2313, 76, -19
[06:28:08] [Server thread/INFO]: Changed the block at 2313, 76, -18
[06:28:08] [Server thread/INFO]: Changed the block at 2313, 76, -17
[06:28:08] [Server thread/INFO]: Changed the block at 2313, 76, -16
[06:28:08] [Server thread/INFO]: Changed the block at 2314, 76, -20
[06:28:08] [Server thread/INFO]: Changed the block at 2314, 76, -19
[06:28:08] [Server thread/INFO]: Changed the block at 2314, 76, -18
[06:28:08] [Server thread/INFO]: Changed the block at 2314, 76, -17
[06:28:08] [Server thread/INFO]: Changed the block at 2314, 78, 28
[06:28:08] [Server thread/INFO]: Changed the block at 2314, 79, 28
[06:28:08] [Server thread/INFO]: Changed the block at 2315, 76, -20
[06:28:08] [Server thread/INFO]: Changed the block at 2315, 76, -19
[06:28:08] [Server thread/INFO]: Changed the block at 2315, 76, -18
[06:28:08] [Server thread/INFO]: Changed the block at 2316, 76, -21
[06:28:08] [Server thread/INFO]: Changed the block at 2316, 76, -20
[06:28:08] [Server thread/INFO]: Changed the block at 2316, 76, -19
[06:28:08] [Server thread/INFO]: Changed the block at 2316, 77, -21
[06:28:08] [Server thread/INFO]: Changed the block at 2316, 77, -18
[06:28:08] [Server thread/INFO]: Changed the block at 2316, 77, 27
[06:28:08] [Server thread/INFO]: Changed the block at 2316, 77, 28
[06:28:08] [Server thread/INFO]: Changed the block at 2316, 77, 29
[06:28:08] [Server thread/INFO]: Changed the block at 2316, 78, -18
[06:28:08] [Server thread/INFO]: Changed the block at 2316, 78, 27
[06:28:08] [Server thread/INFO]: Changed the block at 2317, 76, -21
[06:28:08] [Server thread/INFO]: Changed the block at 2317, 76, -20
[06:28:08] [Server thread/INFO]: Changed the block at 2317, 76, -19
[06:28:08] [Server thread/INFO]: Changed the block at 2317, 77, -19
[06:28:08] [Server thread/INFO]: Changed the block at 2317, 77, 27
[06:28:08] [Server thread/INFO]: Changed the block at 2317, 77, 28
[06:28:08] [Server thread/INFO]: Changed the block at 2317, 77, 29
[06:28:08] [Server thread/INFO]: Changed the block at 2317, 78, 27
[06:28:08] [Server thread/INFO]: Changed the block at 2317, 78, 29
[06:28:08] [Server thread/INFO]: Changed the block at 2318, 76, -21
[06:28:08] [Server thread/INFO]: Changed the block at 2318, 76, -20
[06:28:08] [Server thread/INFO]: Changed the block at 2318, 76, -19
[06:28:08] [Server thread/INFO]: Changed the block at 2318, 77, 27
[06:28:08] [Server thread/INFO]: Changed the block at 2318, 77, 28
[06:28:08] [Server thread/INFO]: Changed the block at 2318, 77, 29
[06:28:08] [Server thread/INFO]: Changed the block at 2318, 78, 29
[06:28:08] [Server thread/INFO]: Changed the block at 2319, 76, -21
[06:28:08] [Server thread/INFO]: Changed the block at 2319, 76, -20
[06:28:08] [Server thread/INFO]: Changed the block at 2319, 76, -19
[06:28:08] [Server thread/INFO]: Changed the block at 2319, 77, -21
[06:28:08] [Server thread/INFO]: Changed the block at 2319, 77, 27
[06:28:08] [Server thread/INFO]: Changed the block at 2319, 77, 28
[06:28:08] [Server thread/INFO]: Changed the block at 2319, 77, 29
[06:28:08] [Server thread/INFO]: Changed the block at 2320, 76, -21
[06:28:08] [Server thread/INFO]: Changed the block at 2320, 76, -20
[06:28:08] [Server thread/INFO]: Changed the block at 2320, 76, -19
[06:28:08] [Server thread/INFO]: Changed the block at 2320, 77, -21
[06:28:08] [Server thread/INFO]: Changed the block at 2320, 77, 27
[06:28:08] [Server thread/INFO]: Changed the block at 2320, 77, 28
[06:28:08] [Server thread/INFO]: Changed the block at 2320, 77, 29
[06:28:08] [Server thread/INFO]: Changed the block at 2320, 78, 29
[06:28:08] [Server thread/INFO]: Changed the block at 2321, 76, -21
[06:28:08] [Server thread/INFO]: Changed the block at 2321, 76, -20
[06:28:08] [Server thread/INFO]: Changed the block at 2321, 76, -19
[06:28:08] [Server thread/INFO]: Changed the block at 2321, 77, -20
[06:28:08] [Server thread/INFO]: Changed the block at 2321, 77, 27
[06:28:08] [Server thread/INFO]: Changed the block at 2321, 77, 28
[06:28:08] [Server thread/INFO]: Changed the block at 2321, 77, 29
[06:28:08] [Server thread/INFO]: Changed the block at 2321, 78, 28
[06:28:08] [Server thread/INFO]: Changed the block at 2321, 78, 29
[06:28:08] [Server thread/INFO]: Changed the block at 2322, 76, -21
[06:28:08] [Server thread/INFO]: Changed the block at 2322, 76, -20
[06:28:08] [Server thread/INFO]: Changed the block at 2322, 76, -19
[06:28:08] [Server thread/INFO]: Changed the block at 2322, 77, 27
[06:28:08] [Server thread/INFO]: Changed the block at 2322, 77, 28
[06:28:08] [Server thread/INFO]: Changed the block at 2322, 77, 29
[06:28:08] [Server thread/INFO]: Changed the block at 2322, 78, 28
[06:28:08] [Server thread/INFO]: Changed the block at 2322, 78, 29
[06:28:08] [Server thread/INFO]: Changed the block at 2323, 76, -21
[06:28:08] [Server thread/INFO]: Changed the block at 2323, 76, -20
[06:28:08] [Server thread/INFO]: Changed the block at 2323, 76, -19
[06:28:08] [Server thread/INFO]: Changed the block at 2323, 77, -21
[06:28:08] [Server thread/INFO]: Changed the block at 2323, 77, 28
[06:28:08] [Server thread/INFO]: Changed the block at 2323, 77, 29
[06:28:08] [Server thread/INFO]: Changed the block at 2323, 78, 27
[06:28:08] [Server thread/INFO]: Changed the block at 2323, 78, 29
[06:28:08] [Server thread/INFO]: Changed the block at 2324, 74, -56
[06:28:08] [Server thread/INFO]: Changed the block at 2324, 75, -56
[06:28:08] [Server thread/INFO]: Changed the block at 2324, 76, -21
[06:28:08] [Server thread/INFO]: Changed the block at 2324, 76, -20
[06:28:08] [Server thread/INFO]: Changed the block at 2324, 76, -19
[06:28:08] [Server thread/INFO]: Changed the block at 2324, 77, -21
[06:28:08] [Server thread/INFO]: Changed the block at 2324, 77, -20
[06:28:08] [Server thread/INFO]: Changed the block at 2324, 77, 28
[06:28:08] [Server thread/INFO]: Changed the block at 2324, 77, 29
[06:28:08] [Server thread/INFO]: Changed the block at 2324, 78, 15
[06:28:08] [Server thread/INFO]: Changed the block at 2324, 78, 27
[06:28:08] [Server thread/INFO]: Changed the block at 2324, 78, 28
[06:28:08] [Server thread/INFO]: Changed the block at 2324, 79, 15
[06:28:08] [Server thread/INFO]: Changed the block at 2325, 76, -21
[06:28:08] [Server thread/INFO]: Changed the block at 2325, 76, -20
[06:28:08] [Server thread/INFO]: Changed the block at 2325, 76, -19
[06:28:08] [Server thread/INFO]: Changed the block at 2325, 76, 25
[06:28:08] [Server thread/INFO]: Changed the block at 2325, 76, 26
[06:28:08] [Server thread/INFO]: Changed the block at 2325, 77, -20
[06:28:08] [Server thread/INFO]: Changed the block at 2325, 77, 26
[06:28:08] [Server thread/INFO]: Changed the block at 2325, 77, 27
[06:28:08] [Server thread/INFO]: Changed the block at 2325, 78, 27
[06:28:08] [Server thread/INFO]: Changed the block at 2325, 78, 28
[06:28:08] [Server thread/INFO]: Changed the block at 2326, 76, -21
[06:28:08] [Server thread/INFO]: Changed the block at 2326, 76, -20
[06:28:08] [Server thread/INFO]: Changed the block at 2326, 76, -19
[06:28:08] [Server thread/INFO]: Changed the block at 2326, 76, 24
[06:28:08] [Server thread/INFO]: Changed the block at 2326, 76, 25
[06:28:08] [Server thread/INFO]: Changed the block at 2326, 76, 26
[06:28:08] [Server thread/INFO]: Changed the block at 2326, 76, 27
[06:28:08] [Server thread/INFO]: Changed the block at 2327, 76, -21
[06:28:08] [Server thread/INFO]: Changed the block at 2327, 76, -20
[06:28:08] [Server thread/INFO]: Changed the block at 2327, 76, -19
[06:28:08] [Server thread/INFO]: Changed the block at 2327, 76, 23
[06:28:08] [Server thread/INFO]: Changed the block at 2327, 76, 24
[06:28:08] [Server thread/INFO]: Changed the block at 2327, 76, 25
[06:28:08] [Server thread/INFO]: Changed the block at 2327, 76, 26
[06:28:08] [Server thread/INFO]: Changed the block at 2327, 77, -20
[06:28:08] [Server thread/INFO]: Changed the block at 2328, 76, -21
[06:28:08] [Server thread/INFO]: Changed the block at 2328, 76, -20
[06:28:08] [Server thread/INFO]: Changed the block at 2328, 76, -19
[06:28:08] [Server thread/INFO]: Changed the block at 2328, 76, 22
[06:28:08] [Server thread/INFO]: Changed the block at 2328, 76, 23
[06:28:08] [Server thread/INFO]: Changed the block at 2328, 76, 24
[06:28:08] [Server thread/INFO]: Changed the block at 2328, 76, 25
[06:28:08] [Server thread/INFO]: Changed the block at 2329, 76, -21
[06:28:08] [Server thread/INFO]: Changed the block at 2329, 76, -20
[06:28:08] [Server thread/INFO]: Changed the block at 2329, 76, -19
[06:28:08] [Server thread/INFO]: Changed the block at 2329, 76, 21
[06:28:08] [Server thread/INFO]: Changed the block at 2329, 76, 22
[06:28:08] [Server thread/INFO]: Changed the block at 2329, 76, 23
[06:28:08] [Server thread/INFO]: Changed the block at 2329, 76, 24
[06:28:08] [Server thread/INFO]: Changed the block at 2330, 76, -21
[06:28:08] [Server thread/INFO]: Changed the block at 2330, 76, -20
[06:28:08] [Server thread/INFO]: Changed the block at 2330, 76, -19
[06:28:08] [Server thread/INFO]: Changed the block at 2330, 76, 20
[06:28:08] [Server thread/INFO]: Changed the block at 2330, 76, 21
[06:28:08] [Server thread/INFO]: Changed the block at 2330, 76, 22
[06:28:08] [Server thread/INFO]: Changed the block at 2330, 76, 23
[06:28:08] [Server thread/INFO]: Changed the block at 2330, 77, -20
[06:28:08] [Server thread/INFO]: Changed the block at 2331, 76, -21
[06:28:08] [Server thread/INFO]: Changed the block at 2331, 76, -20
[06:28:08] [Server thread/INFO]: Changed the block at 2331, 76, -19
[06:28:08] [Server thread/INFO]: Changed the block at 2331, 76, 20
[06:28:08] [Server thread/INFO]: Changed the block at 2331, 76, 21
[06:28:08] [Server thread/INFO]: Changed the block at 2331, 76, 22
[06:28:08] [Server thread/INFO]: Changed the block at 2332, 76, -21
[06:28:08] [Server thread/INFO]: Changed the block at 2332, 76, -20
[06:28:08] [Server thread/INFO]: Changed the block at 2332, 76, -19
[06:28:08] [Server thread/INFO]: Changed the block at 2332, 76, 19
[06:28:08] [Server thread/INFO]: Changed the block at 2332, 76, 20
[06:28:08] [Server thread/INFO]: Changed the block at 2332, 76, 21
[06:28:08] [Server thread/INFO]: Changed the block at 2332, 77, -21
[06:28:08] [Server thread/INFO]: Changed the block at 2332, 77, -20
[06:28:08] [Server thread/INFO]: Changed the block at 2333, 76, -19
[06:28:08] [Server thread/INFO]: Changed the block at 2333, 76, 19
[06:28:08] [Server thread/INFO]: Changed the block at 2333, 76, 20
[06:28:08] [Server thread/INFO]: Changed the block at 2333, 76, 21
[06:28:08] [Server thread/INFO]: Changed the block at 2333, 77, -21
[06:28:08] [Server thread/INFO]: Changed the block at 2333, 77, -20
[06:28:08] [Server thread/INFO]: Changed the block at 2334, 76, 19
[06:28:08] [Server thread/INFO]: Changed the block at 2334, 76, 20
[06:28:08] [Server thread/INFO]: Changed the block at 2334, 76, 21
[06:28:08] [Server thread/INFO]: Changed the block at 2334, 77, -21
[06:28:08] [Server thread/INFO]: Changed the block at 2334, 77, -20
[06:28:08] [Server thread/INFO]: Changed the block at 2334, 77, -19
[06:28:08] [Server thread/INFO]: Changed the block at 2335, 76, 20
[06:28:08] [Server thread/INFO]: Changed the block at 2335, 76, 21
[06:28:08] [Server thread/INFO]: Changed the block at 2335, 77, -21
[06:28:08] [Server thread/INFO]: Changed the block at 2335, 77, -20
[06:28:08] [Server thread/INFO]: Changed the block at 2335, 77, -19
[06:28:08] [Server thread/INFO]: Changed the block at 2335, 77, 19
[06:28:08] [Server thread/INFO]: Changed the block at 2335, 77, 20
[06:28:08] [Server thread/INFO]: Changed the block at 2336, 76, 21
[06:28:08] [Server thread/INFO]: Changed the block at 2336, 77, -56
[06:28:08] [Server thread/INFO]: Changed the block at 2336, 77, -21
[06:28:08] [Server thread/INFO]: Changed the block at 2336, 77, -20
[06:28:08] [Server thread/INFO]: Changed the block at 2336, 77, -19
[06:28:08] [Server thread/INFO]: Changed the block at 2336, 77, 19
[06:28:08] [Server thread/INFO]: Changed the block at 2336, 77, 20
[06:28:08] [Server thread/INFO]: Changed the block at 2336, 78, -56
[06:28:08] [Server thread/INFO]: Changed the block at 2336, 78, -20
[06:28:08] [Server thread/INFO]: Changed the block at 2336, 78, -19
[06:28:08] [Server thread/INFO]: Changed the block at 2336, 78, 19
[06:28:08] [Server thread/INFO]: Changed the block at 2336, 78, 20
[06:28:08] [Server thread/INFO]: Changed the block at 2336, 79, 15
[06:28:08] [Server thread/INFO]: Changed the block at 2336, 80, 15
[06:28:08] [Server thread/INFO]: Changed the block at 2337, 77, -20
[06:28:08] [Server thread/INFO]: Changed the block at 2337, 77, -19
[06:28:08] [Server thread/INFO]: Changed the block at 2337, 78, -21
[06:28:08] [Server thread/INFO]: Changed the block at 2337, 78, -20
[06:28:08] [Server thread/INFO]: Changed the block at 2337, 78, 20
[06:28:08] [Server thread/INFO]: Changed the block at 2337, 78, 21
[06:28:08] [Server thread/INFO]: Changed the block at 2338, 77, 19
[06:28:08] [Server thread/INFO]: Changed the block at 2338, 78, -21
[06:28:08] [Server thread/INFO]: Changed the block at 2338, 78, -20
[06:28:08] [Server thread/INFO]: Changed the block at 2338, 78, -19
[06:28:08] [Server thread/INFO]: Changed the block at 2338, 78, 20
[06:28:08] [Server thread/INFO]: Changed the block at 2338, 79, 21
[06:28:08] [Server thread/INFO]: Changed the block at 2339, 78, -21
[06:28:08] [Server thread/INFO]: Changed the block at 2339, 78, -20
[06:28:08] [Server thread/INFO]: Changed the block at 2339, 78, -19
[06:28:08] [Server thread/INFO]: Changed the block at 2339, 78, 19
[06:28:08] [Server thread/INFO]: Changed the block at 2339, 78, 20
[06:28:08] [Server thread/INFO]: Changed the block at 2339, 79, 20
[06:28:08] [Server thread/INFO]: Changed the block at 2339, 79, 21
[06:28:08] [Server thread/INFO]: Changed the block at 2340, 78, -21
[06:28:08] [Server thread/INFO]: Changed the block at 2340, 78, -20
[06:28:08] [Server thread/INFO]: Changed the block at 2340, 78, -19
[06:28:08] [Server thread/INFO]: Changed the block at 2340, 78, 18
[06:28:08] [Server thread/INFO]: Changed the block at 2340, 78, 19
[06:28:08] [Server thread/INFO]: Changed the block at 2340, 79, 18
[06:28:08] [Server thread/INFO]: Changed the block at 2340, 79, 19
[06:28:08] [Server thread/INFO]: Changed the block at 2340, 79, 20
[06:28:08] [Server thread/INFO]: Changed the block at 2340, 79, 21
[06:28:08] [Server thread/INFO]: Changed the block at 2340, 80, 20
[06:28:08] [Server thread/INFO]: Changed the block at 2341, 78, -21
[06:28:08] [Server thread/INFO]: Changed the block at 2341, 78, -20
[06:28:08] [Server thread/INFO]: Changed the block at 2341, 78, -19
[06:28:08] [Server thread/INFO]: Changed the block at 2341, 78, 17
[06:28:08] [Server thread/INFO]: Changed the block at 2341, 78, 18
[06:28:08] [Server thread/INFO]: Changed the block at 2341, 78, 19
[06:28:08] [Server thread/INFO]: Changed the block at 2341, 79, 20
[06:28:08] [Server thread/INFO]: Changed the block at 2341, 80, 20
[06:28:08] [Server thread/INFO]: Changed the block at 2342, 78, -20
[06:28:08] [Server thread/INFO]: Changed the block at 2342, 78, -19
[06:28:08] [Server thread/INFO]: Changed the block at 2342, 78, 16
[06:28:08] [Server thread/INFO]: Changed the block at 2342, 78, 17
[06:28:08] [Server thread/INFO]: Changed the block at 2342, 78, 18
[06:28:08] [Server thread/INFO]: Changed the block at 2342, 79, -21
[06:28:08] [Server thread/INFO]: Changed the block at 2342, 79, -20
[06:28:08] [Server thread/INFO]: Changed the block at 2342, 79, -19
[06:28:08] [Server thread/INFO]: Changed the block at 2342, 79, 19
[06:28:08] [Server thread/INFO]: Could not set the block
[06:28:08] [Server thread/INFO]: Changed the block at 2343, 78, -19
[06:28:08] [Server thread/INFO]: Changed the block at 2343, 78, 15
[06:28:08] [Server thread/INFO]: Changed the block at 2343, 78, 16
[06:28:08] [Server thread/INFO]: Changed the block at 2343, 78, 17
[06:28:08] [Server thread/INFO]: Changed the block at 2343, 78, 18
[06:28:08] [Server thread/INFO]: Changed the block at 2343, 79, -21
[06:28:08] [Server thread/INFO]: Changed the block at 2343, 79, -20
[06:28:08] [Server thread/INFO]: Changed the block at 2343, 79, -19
[06:28:08] [Server thread/INFO]: Changed the block at 2343, 80, -20
[06:28:08] [Server thread/INFO]: Changed the block at 2344, 78, 14
[06:28:08] [Server thread/INFO]: Changed the block at 2344, 78, 15
[06:28:08] [Server thread/INFO]: Changed the block at 2344, 78, 16
[06:28:08] [Server thread/INFO]: Changed the block at 2344, 78, 17
[06:28:08] [Server thread/INFO]: Changed the block at 2344, 79, -21
[06:28:08] [Server thread/INFO]: Changed the block at 2344, 79, -20
[06:28:08] [Server thread/INFO]: Changed the block at 2344, 79, -19
[06:28:08] [Server thread/INFO]: Changed the block at 2344, 79, 14
[06:28:08] [Server thread/INFO]: Changed the block at 2344, 79, 15
[06:28:08] [Server thread/INFO]: Changed the block at 2344, 80, -21
[06:28:08] [Server thread/INFO]: Changed the block at 2345, 78, 13
[06:28:08] [Server thread/INFO]: Changed the block at 2345, 78, 14
[06:28:08] [Server thread/INFO]: Changed the block at 2345, 78, 15
[06:28:08] [Server thread/INFO]: Changed the block at 2345, 78, 16
[06:28:08] [Server thread/INFO]: Changed the block at 2345, 79, -21
[06:28:08] [Server thread/INFO]: Changed the block at 2345, 79, -20
[06:28:08] [Server thread/INFO]: Changed the block at 2345, 79, -19
[06:28:08] [Server thread/INFO]: Changed the block at 2346, 73, -76
[06:28:08] [Server thread/INFO]: Changed the block at 2346, 74, -76
[06:28:08] [Server thread/INFO]: Changed the block at 2346, 78, 12
[06:28:08] [Server thread/INFO]: Changed the block at 2346, 78, 13
[06:28:08] [Server thread/INFO]: Changed the block at 2346, 78, 14
[06:28:08] [Server thread/INFO]: Changed the block at 2346, 78, 15
[06:28:08] [Server thread/INFO]: Changed the block at 2346, 79, -21
[06:28:08] [Server thread/INFO]: Changed the block at 2346, 79, -20
[06:28:08] [Server thread/INFO]: Changed the block at 2346, 79, -19
[06:28:08] [Server thread/INFO]: Changed the block at 2346, 79, 15
[06:28:08] [Server thread/INFO]: Changed the block at 2346, 80, -21
[06:28:08] [Server thread/INFO]: Changed the block at 2346, 80, -20
[06:28:08] [Server thread/INFO]: Changed the block at 2347, 76, 0
[06:28:08] [Server thread/INFO]: Changed the block at 2347, 76, 1
[06:28:08] [Server thread/INFO]: Changed the block at 2347, 76, 2
[06:28:08] [Server thread/INFO]: Changed the block at 2347, 76, 3
[06:28:08] [Server thread/INFO]: Changed the block at 2347, 76, 4
[06:28:08] [Server thread/INFO]: Changed the block at 2347, 76, 5
[06:28:08] [Server thread/INFO]: Changed the block at 2347, 77, -2
[06:28:08] [Server thread/INFO]: Changed the block at 2347, 77, -1
[06:28:08] [Server thread/INFO]: Changed the block at 2347, 77, 7
[06:28:08] [Server thread/INFO]: Changed the block at 2347, 78, -11
[06:28:08] [Server thread/INFO]: Changed the block at 2347, 78, -10
[06:28:08] [Server thread/INFO]: Changed the block at 2347, 78, -9
[06:28:08] [Server thread/INFO]: Changed the block at 2347, 78, -8
[06:28:08] [Server thread/INFO]: Changed the block at 2347, 78, -7
[06:28:08] [Server thread/INFO]: Changed the block at 2347, 78, -6
[06:28:08] [Server thread/INFO]: Changed the block at 2347, 78, -5
[06:28:08] [Server thread/INFO]: Changed the block at 2347, 78, -4
[06:28:08] [Server thread/INFO]: Changed the block at 2347, 78, -3
[06:28:08] [Server thread/INFO]: Changed the block at 2347, 78, 7
[06:28:08] [Server thread/INFO]: Changed the block at 2347, 78, 8
[06:28:08] [Server thread/INFO]: Changed the block at 2347, 78, 9
[06:28:08] [Server thread/INFO]: Changed the block at 2347, 78, 10
[06:28:08] [Server thread/INFO]: Changed the block at 2347, 78, 11
[06:28:08] [Server thread/INFO]: Changed the block at 2347, 78, 12
[06:28:08] [Server thread/INFO]: Changed the block at 2347, 78, 13
[06:28:08] [Server thread/INFO]: Changed the block at 2347, 78, 14
[06:28:08] [Server thread/INFO]: Changed the block at 2347, 79, -35
[06:28:08] [Server thread/INFO]: Changed the block at 2347, 79, -34
[06:28:08] [Server thread/INFO]: Changed the block at 2347, 79, -33
[06:28:08] [Server thread/INFO]: Changed the block at 2347, 79, -32
[06:28:08] [Server thread/INFO]: Changed the block at 2347, 79, -31
[06:28:08] [Server thread/INFO]: Changed the block at 2347, 79, -30
[06:28:08] [Server thread/INFO]: Changed the block at 2347, 79, -29
[06:28:08] [Server thread/INFO]: Changed the block at 2347, 79, -28
[06:28:08] [Server thread/INFO]: Changed the block at 2347, 79, -27
[06:28:08] [Server thread/INFO]: Changed the block at 2347, 79, -26
[06:28:08] [Server thread/INFO]: Changed the block at 2347, 79, -25
[06:28:08] [Server thread/INFO]: Changed the block at 2347, 79, -24
[06:28:08] [Server thread/INFO]: Changed the block at 2347, 79, -23
[06:28:08] [Server thread/INFO]: Changed the block at 2347, 79, -22
[06:28:08] [Server thread/INFO]: Changed the block at 2347, 79, -21
[06:28:08] [Server thread/INFO]: Changed the block at 2347, 79, -20
[06:28:08] [Server thread/INFO]: Changed the block at 2347, 79, -19
[06:28:08] [Server thread/INFO]: Changed the block at 2347, 79, -18
[06:28:08] [Server thread/INFO]: Changed the block at 2347, 79, -17
[06:28:08] [Server thread/INFO]: Changed the block at 2347, 79, -16
[06:28:08] [Server thread/INFO]: Changed the block at 2347, 79, -15
[06:28:08] [Server thread/INFO]: Changed the block at 2347, 79, -14
[06:28:08] [Server thread/INFO]: Changed the block at 2347, 79, -13
[06:28:08] [Server thread/INFO]: Changed the block at 2347, 79, -12
[06:28:08] [Server thread/INFO]: Changed the block at 2347, 79, -10
[06:28:08] [Server thread/INFO]: Changed the block at 2347, 79, -9
[06:28:08] [Server thread/INFO]: Changed the block at 2347, 79, -5
[06:28:08] [Server thread/INFO]: Changed the block at 2347, 79, -4
[06:28:08] [Server thread/INFO]: Changed the block at 2347, 79, 9
[06:28:08] [Server thread/INFO]: Changed the block at 2347, 79, 12
[06:28:08] [Server thread/INFO]: Changed the block at 2347, 80, -33
[06:28:08] [Server thread/INFO]: Changed the block at 2347, 80, -31
[06:28:08] [Server thread/INFO]: Changed the block at 2347, 80, -29
[06:28:08] [Server thread/INFO]: Changed the block at 2347, 80, -28
[06:28:08] [Server thread/INFO]: Changed the block at 2347, 80, -26
[06:28:08] [Server thread/INFO]: Changed the block at 2347, 80, -23
[06:28:08] [Server thread/INFO]: Could not set the block
[06:28:08] [Server thread/INFO]: Could not set the block
[06:28:08] [Server thread/INFO]: Could not set the block
[06:28:08] [Server thread/INFO]: Could not set the block
[06:28:08] [Server thread/INFO]: Changed the block at 2348, 73, -77
[06:28:08] [Server thread/INFO]: Changed the block at 2348, 74, -76
[06:28:08] [Server thread/INFO]: Changed the block at 2348, 74, -75
[06:28:08] [Server thread/INFO]: Changed the block at 2348, 75, -76
[06:28:08] [Server thread/INFO]: Changed the block at 2348, 76, 1
[06:28:08] [Server thread/INFO]: Changed the block at 2348, 76, 2
[06:28:08] [Server thread/INFO]: Changed the block at 2348, 76, 3
[06:28:08] [Server thread/INFO]: Changed the block at 2348, 77, -1
[06:28:08] [Server thread/INFO]: Changed the block at 2348, 77, 0
[06:28:08] [Server thread/INFO]: Changed the block at 2348, 77, 1
[06:28:08] [Server thread/INFO]: Changed the block at 2348, 77, 3
[06:28:08] [Server thread/INFO]: Changed the block at 2348, 77, 4
[06:28:08] [Server thread/INFO]: Changed the block at 2348, 77, 5
[06:28:08] [Server thread/INFO]: Changed the block at 2348, 78, -9
[06:28:08] [Server thread/INFO]: Changed the block at 2348, 78, -8
[06:28:08] [Server thread/INFO]: Changed the block at 2348, 78, -7
[06:28:08] [Server thread/INFO]: Changed the block at 2348, 78, -6
[06:28:08] [Server thread/INFO]: Changed the block at 2348, 78, -5
[06:28:08] [Server thread/INFO]: Changed the block at 2348, 78, -4
[06:28:08] [Server thread/INFO]: Changed the block at 2348, 78, -3
[06:28:08] [Server thread/INFO]: Changed the block at 2348, 78, -2
[06:28:08] [Server thread/INFO]: Changed the block at 2348, 78, -1
[06:28:08] [Server thread/INFO]: Changed the block at 2348, 78, 5
[06:28:08] [Server thread/INFO]: Changed the block at 2348, 78, 6
[06:28:08] [Server thread/INFO]: Changed the block at 2348, 78, 7
[06:28:08] [Server thread/INFO]: Changed the block at 2348, 78, 8
[06:28:08] [Server thread/INFO]: Changed the block at 2348, 78, 9
[06:28:08] [Server thread/INFO]: Changed the block at 2348, 78, 10
[06:28:08] [Server thread/INFO]: Changed the block at 2348, 78, 11
[06:28:08] [Server thread/INFO]: Changed the block at 2348, 78, 12
[06:28:08] [Server thread/INFO]: Changed the block at 2348, 78, 13
[06:28:08] [Server thread/INFO]: Changed the block at 2348, 79, -37
[06:28:08] [Server thread/INFO]: Changed the block at 2348, 79, -36
[06:28:08] [Server thread/INFO]: Changed the block at 2348, 79, -35
[06:28:08] [Server thread/INFO]: Changed the block at 2348, 79, -34
[06:28:08] [Server thread/INFO]: Changed the block at 2348, 79, -33
[06:28:08] [Server thread/INFO]: Changed the block at 2348, 79, -32
[06:28:08] [Server thread/INFO]: Changed the block at 2348, 79, -31
[06:28:08] [Server thread/INFO]: Changed the block at 2348, 79, -30
[06:28:08] [Server thread/INFO]: Changed the block at 2348, 79, -29
[06:28:08] [Server thread/INFO]: Changed the block at 2348, 79, -28
[06:28:08] [Server thread/INFO]: Changed the block at 2348, 79, -27
[06:28:08] [Server thread/INFO]: Changed the block at 2348, 79, -26
[06:28:08] [Server thread/INFO]: Changed the block at 2348, 79, -25
[06:28:08] [Server thread/INFO]: Changed the block at 2348, 79, -24
[06:28:08] [Server thread/INFO]: Changed the block at 2348, 79, -23
[06:28:08] [Server thread/INFO]: Changed the block at 2348, 79, -22
[06:28:08] [Server thread/INFO]: Changed the block at 2348, 79, -21
[06:28:08] [Server thread/INFO]: Changed the block at 2348, 79, -20
[06:28:08] [Server thread/INFO]: Changed the block at 2348, 79, -19
[06:28:08] [Server thread/INFO]: Changed the block at 2348, 79, -18
[06:28:08] [Server thread/INFO]: Changed the block at 2348, 79, -17
[06:28:08] [Server thread/INFO]: Changed the block at 2348, 79, -16
[06:28:08] [Server thread/INFO]: Changed the block at 2348, 79, -15
[06:28:08] [Server thread/INFO]: Changed the block at 2348, 79, -14
[06:28:08] [Server thread/INFO]: Changed the block at 2348, 79, -13
[06:28:08] [Server thread/INFO]: Changed the block at 2348, 79, -12
[06:28:08] [Server thread/INFO]: Changed the block at 2348, 79, -11
[06:28:08] [Server thread/INFO]: Changed the block at 2348, 79, -10
[06:28:08] [Server thread/INFO]: Changed the block at 2348, 79, -9
[06:28:08] [Server thread/INFO]: Changed the block at 2348, 79, 15
[06:28:08] [Server thread/INFO]: Changed the block at 2348, 80, -56
[06:28:08] [Server thread/INFO]: Changed the block at 2348, 80, -33
[06:28:08] [Server thread/INFO]: Changed the block at 2348, 80, -31
[06:28:08] [Server thread/INFO]: Changed the block at 2348, 80, -30
[06:28:08] [Server thread/INFO]: Changed the block at 2348, 80, -29
[06:28:08] [Server thread/INFO]: Changed the block at 2348, 80, -28
[06:28:08] [Server thread/INFO]: Changed the block at 2348, 80, -27
[06:28:08] [Server thread/INFO]: Changed the block at 2348, 80, -26
[06:28:08] [Server thread/INFO]: Changed the block at 2348, 80, -25
[06:28:08] [Server thread/INFO]: Changed the block at 2348, 80, -23
[06:28:08] [Server thread/INFO]: Changed the block at 2348, 80, -18
[06:28:08] [Server thread/INFO]: Changed the block at 2348, 80, -17
[06:28:08] [Server thread/INFO]: Changed the block at 2348, 80, -10
[06:28:08] [Server thread/INFO]: Changed the block at 2348, 80, 15
[06:28:08] [Server thread/INFO]: Changed the block at 2348, 81, -56
[06:28:08] [Server thread/INFO]: Changed the block at 2349, 74, -77
[06:28:08] [Server thread/INFO]: Changed the block at 2349, 75, -76
[06:28:08] [Server thread/INFO]: Changed the block at 2349, 75, -75
[06:28:08] [Server thread/INFO]: Changed the block at 2349, 76, -75
[06:28:08] [Server thread/INFO]: Changed the block at 2349, 78, -7
[06:28:08] [Server thread/INFO]: Changed the block at 2349, 78, -6
[06:28:08] [Server thread/INFO]: Changed the block at 2349, 78, -5
[06:28:08] [Server thread/INFO]: Changed the block at 2349, 78, -4
[06:28:08] [Server thread/INFO]: Changed the block at 2349, 78, -3
[06:28:08] [Server thread/INFO]: Changed the block at 2349, 78, -2
[06:28:08] [Server thread/INFO]: Changed the block at 2349, 78, -1
[06:28:08] [Server thread/INFO]: Changed the block at 2349, 78, 0
[06:28:08] [Server thread/INFO]: Changed the block at 2349, 78, 9
[06:28:08] [Server thread/INFO]: Changed the block at 2349, 78, 10
[06:28:08] [Server thread/INFO]: Changed the block at 2349, 78, 11
[06:28:08] [Server thread/INFO]: Changed the block at 2349, 79, -38
[06:28:08] [Server thread/INFO]: Changed the block at 2349, 79, -37
[06:28:08] [Server thread/INFO]: Changed the block at 2349, 79, -36
[06:28:08] [Server thread/INFO]: Changed the block at 2349, 79, -35
[06:28:08] [Server thread/INFO]: Changed the block at 2349, 79, -34
[06:28:08] [Server thread/INFO]: Changed the block at 2349, 79, -33
[06:28:08] [Server thread/INFO]: Changed the block at 2349, 79, -32
[06:28:08] [Server thread/INFO]: Changed the block at 2349, 79, -31
[06:28:08] [Server thread/INFO]: Changed the block at 2349, 79, -30
[06:28:08] [Server thread/INFO]: Changed the block at 2349, 79, -29
[06:28:08] [Server thread/INFO]: Changed the block at 2349, 79, -28
[06:28:08] [Server thread/INFO]: Changed the block at 2349, 79, -27
[06:28:08] [Server thread/INFO]: Changed the block at 2349, 79, -26
[06:28:08] [Server thread/INFO]: Changed the block at 2349, 79, -25
[06:28:08] [Server thread/INFO]: Changed the block at 2349, 79, -24
[06:28:08] [Server thread/INFO]: Changed the block at 2349, 79, -23
[06:28:08] [Server thread/INFO]: Changed the block at 2349, 79, -22
[06:28:08] [Server thread/INFO]: Changed the block at 2349, 79, -21
[06:28:08] [Server thread/INFO]: Changed the block at 2349, 79, -20
[06:28:08] [Server thread/INFO]: Changed the block at 2349, 79, -19
[06:28:08] [Server thread/INFO]: Changed the block at 2349, 79, -18
[06:28:08] [Server thread/INFO]: Changed the block at 2349, 79, -17
[06:28:08] [Server thread/INFO]: Changed the block at 2349, 79, -16
[06:28:08] [Server thread/INFO]: Changed the block at 2349, 79, -15
[06:28:08] [Server thread/INFO]: Changed the block at 2349, 79, -14
[06:28:08] [Server thread/INFO]: Changed the block at 2349, 79, -13
[06:28:08] [Server thread/INFO]: Changed the block at 2349, 79, -12
[06:28:08] [Server thread/INFO]: Changed the block at 2349, 79, -11
[06:28:08] [Server thread/INFO]: Changed the block at 2349, 79, -10
[06:28:08] [Server thread/INFO]: Changed the block at 2349, 79, -9
[06:28:08] [Server thread/INFO]: Changed the block at 2349, 79, -8
[06:28:08] [Server thread/INFO]: Changed the block at 2349, 79, -7
[06:28:08] [Server thread/INFO]: Changed the block at 2349, 79, 6
[06:28:08] [Server thread/INFO]: Changed the block at 2349, 79, 7
[06:28:08] [Server thread/INFO]: Changed the block at 2349, 79, 8
[06:28:08] [Server thread/INFO]: Changed the block at 2349, 80, -30
[06:28:08] [Server thread/INFO]: Changed the block at 2349, 80, -29
[06:28:08] [Server thread/INFO]: Changed the block at 2349, 80, -26
[06:28:08] [Server thread/INFO]: Changed the block at 2349, 80, -25
[06:28:08] [Server thread/INFO]: Changed the block at 2349, 80, -23
[06:28:08] [Server thread/INFO]: Could not set the block
[06:28:08] [Server thread/INFO]: Changed the block at 2349, 80, -18
[06:28:08] [Server thread/INFO]: Changed the block at 2349, 80, -16
[06:28:08] [Server thread/INFO]: Changed the block at 2349, 80, -13
[06:28:08] [Server thread/INFO]: Changed the block at 2349, 80, -10
[06:28:08] [Server thread/INFO]: Changed the block at 2349, 80, -9
[06:28:08] [Server thread/INFO]: Changed the block at 2349, 80, -8
[06:28:08] [Server thread/INFO]: Could not set the block
[06:28:08] [Server thread/INFO]: Could not set the block
[06:28:08] [Server thread/INFO]: Could not set the block
[06:28:08] [Server thread/INFO]: Changed the block at 2350, 75, -77
[06:28:08] [Server thread/INFO]: Changed the block at 2350, 75, -76
[06:28:08] [Server thread/INFO]: Changed the block at 2350, 76, -76
[06:28:08] [Server thread/INFO]: Changed the block at 2350, 76, -75
[06:28:08] [Server thread/INFO]: Changed the block at 2350, 79, -39
[06:28:08] [Server thread/INFO]: Changed the block at 2350, 79, -38
[06:28:08] [Server thread/INFO]: Changed the block at 2350, 79, -37
[06:28:08] [Server thread/INFO]: Changed the block at 2350, 79, -36
[06:28:08] [Server thread/INFO]: Changed the block at 2350, 80, -38
[06:28:08] [Server thread/INFO]: Changed the block at 2350, 80, -20
[06:28:08] [Server thread/INFO]: Changed the block at 2350, 80, 12
[06:28:08] [Server thread/INFO]: Could not set the block
[06:28:08] [Server thread/INFO]: Changed the block at 2350, 81, -20
[06:28:08] [Server thread/INFO]: Changed the block at 2350, 81, 12
[06:28:08] [Server thread/INFO]: Changed the block at 2351, 75, -77
[06:28:08] [Server thread/INFO]: Changed the block at 2351, 76, -76
[06:28:08] [Server thread/INFO]: Changed the block at 2351, 76, -75
[06:28:08] [Server thread/INFO]: Changed the block at 2351, 79, -40
[06:28:08] [Server thread/INFO]: Changed the block at 2351, 79, -39
[06:28:08] [Server thread/INFO]: Changed the block at 2351, 79, -38
[06:28:08] [Server thread/INFO]: Changed the block at 2351, 79, -37
[06:28:08] [Server thread/INFO]: Changed the block at 2351, 80, -39
[06:28:08] [Server thread/INFO]: Changed the block at 2351, 80, -37
[06:28:08] [Server thread/INFO]: Could not set the block
[06:28:08] [Server thread/INFO]: Could not set the block
[06:28:08] [Server thread/INFO]: Changed the block at 2352, 76, -77
[06:28:08] [Server thread/INFO]: Changed the block at 2352, 76, -76
[06:28:08] [Server thread/INFO]: Changed the block at 2352, 77, -75
[06:28:08] [Server thread/INFO]: Changed the block at 2352, 79, -41
[06:28:08] [Server thread/INFO]: Changed the block at 2352, 79, -40
[06:28:08] [Server thread/INFO]: Changed the block at 2352, 79, -39
[06:28:08] [Server thread/INFO]: Changed the block at 2352, 79, -38
[06:28:08] [Server thread/INFO]: Changed the block at 2352, 80, -41
[06:28:08] [Server thread/INFO]: Changed the block at 2352, 80, -40
[06:28:08] [Server thread/INFO]: Could not set the block
[06:28:08] [Server thread/INFO]: Changed the block at 2353, 76, -77
[06:28:08] [Server thread/INFO]: Changed the block at 2353, 76, -76
[06:28:08] [Server thread/INFO]: Changed the block at 2353, 77, -75
[06:28:08] [Server thread/INFO]: Changed the block at 2353, 79, -42
[06:28:08] [Server thread/INFO]: Changed the block at 2353, 79, -41
[06:28:08] [Server thread/INFO]: Changed the block at 2353, 79, -40
[06:28:08] [Server thread/INFO]: Changed the block at 2353, 80, -39
[06:28:08] [Server thread/INFO]: Changed the block at 2354, 76, -77
[06:28:08] [Server thread/INFO]: Changed the block at 2354, 76, -76
[06:28:08] [Server thread/INFO]: Changed the block at 2354, 77, -76
[06:28:08] [Server thread/INFO]: Changed the block at 2354, 77, -75
[06:28:08] [Server thread/INFO]: Changed the block at 2354, 79, -43
[06:28:08] [Server thread/INFO]: Changed the block at 2354, 79, -42
[06:28:08] [Server thread/INFO]: Changed the block at 2354, 79, -41
[06:28:08] [Server thread/INFO]: Changed the block at 2354, 79, -40
[06:28:08] [Server thread/INFO]: Changed the block at 2354, 80, -43
[06:28:08] [Server thread/INFO]: Changed the block at 2354, 80, -42
[06:28:08] [Server thread/INFO]: Changed the block at 2354, 80, -41
[06:28:08] [Server thread/INFO]: Changed the block at 2354, 81, -52
[06:28:08] [Server thread/INFO]: Could not set the block
[06:28:08] [Server thread/INFO]: Changed the block at 2354, 82, -52
[06:28:08] [Server thread/INFO]: Changed the block at 2355, 76, -77
[06:28:08] [Server thread/INFO]: Changed the block at 2355, 77, -76
[06:28:08] [Server thread/INFO]: Changed the block at 2355, 77, -75
[06:28:08] [Server thread/INFO]: Changed the block at 2355, 77, -74
[06:28:08] [Server thread/INFO]: Changed the block at 2355, 78, -74
[06:28:08] [Server thread/INFO]: Changed the block at 2355, 78, -73
[06:28:08] [Server thread/INFO]: Changed the block at 2355, 78, -72
[06:28:08] [Server thread/INFO]: Changed the block at 2355, 79, -71
[06:28:08] [Server thread/INFO]: Changed the block at 2355, 79, -70
[06:28:08] [Server thread/INFO]: Changed the block at 2355, 79, -69
[06:28:08] [Server thread/INFO]: Changed the block at 2355, 79, -68
[06:28:08] [Server thread/INFO]: Changed the block at 2355, 79, -45
[06:28:08] [Server thread/INFO]: Changed the block at 2355, 79, -44
[06:28:08] [Server thread/INFO]: Changed the block at 2355, 79, -43
[06:28:08] [Server thread/INFO]: Changed the block at 2355, 79, -42
[06:28:08] [Server thread/INFO]: Changed the block at 2355, 79, -41
[06:28:08] [Server thread/INFO]: Changed the block at 2355, 80, -70
[06:28:08] [Server thread/INFO]: Changed the block at 2355, 80, -68
[06:28:08] [Server thread/INFO]: Changed the block at 2355, 80, -67
[06:28:08] [Server thread/INFO]: Changed the block at 2355, 80, -50
[06:28:08] [Server thread/INFO]: Changed the block at 2355, 80, -49
[06:28:08] [Server thread/INFO]: Changed the block at 2355, 80, -48
[06:28:08] [Server thread/INFO]: Changed the block at 2355, 80, -47
[06:28:08] [Server thread/INFO]: Changed the block at 2355, 80, -46
[06:28:08] [Server thread/INFO]: Changed the block at 2355, 80, -42
[06:28:08] [Server thread/INFO]: Changed the block at 2355, 81, -51
[06:28:08] [Server thread/INFO]: Changed the block at 2356, 76, -77
[06:28:08] [Server thread/INFO]: Changed the block at 2356, 77, -76
[06:28:08] [Server thread/INFO]: Changed the block at 2356, 77, -75
[06:28:08] [Server thread/INFO]: Changed the block at 2356, 78, -76
[06:28:08] [Server thread/INFO]: Changed the block at 2356, 78, -75
[06:28:08] [Server thread/INFO]: Changed the block at 2356, 78, -74
[06:28:08] [Server thread/INFO]: Changed the block at 2356, 78, -73
[06:28:08] [Server thread/INFO]: Changed the block at 2356, 79, -73
[06:28:08] [Server thread/INFO]: Changed the block at 2356, 79, -72
[06:28:08] [Server thread/INFO]: Changed the block at 2356, 79, -71
[06:28:08] [Server thread/INFO]: Changed the block at 2356, 79, -70
[06:28:08] [Server thread/INFO]: Changed the block at 2356, 79, -69
[06:28:08] [Server thread/INFO]: Changed the block at 2356, 79, -44
[06:28:08] [Server thread/INFO]: Changed the block at 2356, 79, -43
[06:28:08] [Server thread/INFO]: Changed the block at 2356, 79, -42
[06:28:08] [Server thread/INFO]: Changed the block at 2356, 80, -69
[06:28:08] [Server thread/INFO]: Changed the block at 2356, 80, -68
[06:28:08] [Server thread/INFO]: Changed the block at 2356, 80, -67
[06:28:08] [Server thread/INFO]: Changed the block at 2356, 80, -66
[06:28:08] [Server thread/INFO]: Changed the block at 2356, 80, -49
[06:28:08] [Server thread/INFO]: Changed the block at 2356, 80, -48
[06:28:08] [Server thread/INFO]: Changed the block at 2356, 80, -47
[06:28:08] [Server thread/INFO]: Changed the block at 2356, 80, -46
[06:28:08] [Server thread/INFO]: Changed the block at 2356, 80, -45
[06:28:08] [Server thread/INFO]: Changed the block at 2356, 80, -44
[06:28:08] [Server thread/INFO]: Changed the block at 2356, 81, -53
[06:28:08] [Server thread/INFO]: Changed the block at 2356, 81, -52
[06:28:08] [Server thread/INFO]: Changed the block at 2356, 81, -51
[06:28:08] [Server thread/INFO]: Changed the block at 2356, 81, -50
[06:28:08] [Server thread/INFO]: Changed the block at 2356, 81, -49
[06:28:08] [Server thread/INFO]: Changed the block at 2356, 82, -52
[06:28:08] [Server thread/INFO]: Changed the block at 2356, 82, -50
[06:28:08] [Server thread/INFO]: Changed the block at 2357, 77, -75
[06:28:08] [Server thread/INFO]: Changed the block at 2357, 78, -74
[06:28:08] [Server thread/INFO]: Changed the block at 2357, 78, -73
[06:28:08] [Server thread/INFO]: Changed the block at 2357, 79, -72
[06:28:08] [Server thread/INFO]: Changed the block at 2357, 79, -71
[06:28:08] [Server thread/INFO]: Changed the block at 2357, 79, -70
[06:28:08] [Server thread/INFO]: Changed the block at 2357, 80, -69
[06:28:08] [Server thread/INFO]: Changed the block at 2357, 80, -68
[06:28:08] [Server thread/INFO]: Changed the block at 2357, 80, -67
[06:28:08] [Server thread/INFO]: Changed the block at 2357, 80, -66
[06:28:08] [Server thread/INFO]: Changed the block at 2357, 80, -65
[06:28:08] [Server thread/INFO]: Changed the block at 2357, 80, -48
[06:28:08] [Server thread/INFO]: Changed the block at 2357, 80, -47
[06:28:08] [Server thread/INFO]: Changed the block at 2357, 80, -46
[06:28:08] [Server thread/INFO]: Changed the block at 2357, 80, -45
[06:28:08] [Server thread/INFO]: Changed the block at 2357, 80, -44
[06:28:08] [Server thread/INFO]: Changed the block at 2357, 80, -43
[06:28:08] [Server thread/INFO]: Changed the block at 2357, 81, -66
[06:28:08] [Server thread/INFO]: Changed the block at 2357, 81, -65
[06:28:08] [Server thread/INFO]: Changed the block at 2357, 81, -54
[06:28:08] [Server thread/INFO]: Changed the block at 2357, 81, -53
[06:28:08] [Server thread/INFO]: Changed the block at 2357, 81, -52
[06:28:08] [Server thread/INFO]: Changed the block at 2357, 81, -51
[06:28:08] [Server thread/INFO]: Changed the block at 2357, 81, -50
[06:28:08] [Server thread/INFO]: Changed the block at 2357, 81, -49
[06:28:08] [Server thread/INFO]: Changed the block at 2357, 81, -48
[06:28:08] [Server thread/INFO]: Changed the block at 2357, 81, -47
[06:28:08] [Server thread/INFO]: Changed the block at 2357, 82, -54
[06:28:08] [Server thread/INFO]: Changed the block at 2357, 82, -53
[06:28:08] [Server thread/INFO]: Changed the block at 2357, 82, -49
[06:28:08] [Server thread/INFO]: Changed the block at 2358, 81, -67
[06:28:08] [Server thread/INFO]: Changed the block at 2358, 81, -66
[06:28:08] [Server thread/INFO]: Changed the block at 2358, 81, -65
[06:28:08] [Server thread/INFO]: Changed the block at 2358, 81, -64
[06:28:08] [Server thread/INFO]: Changed the block at 2358, 81, -55
[06:28:08] [Server thread/INFO]: Changed the block at 2358, 81, -54
[06:28:08] [Server thread/INFO]: Changed the block at 2358, 81, -53
[06:28:08] [Server thread/INFO]: Changed the block at 2358, 81, -52
[06:28:08] [Server thread/INFO]: Changed the block at 2358, 82, -56
[06:28:08] [Server thread/INFO]: Changed the block at 2358, 82, -52
[06:28:08] [Server thread/INFO]: Changed the block at 2358, 83, -56
[06:28:08] [Server thread/INFO]: Changed the block at 2359, 81, -66
[06:28:08] [Server thread/INFO]: Changed the block at 2359, 81, -65
[06:28:08] [Server thread/INFO]: Changed the block at 2359, 81, -64
[06:28:08] [Server thread/INFO]: Changed the block at 2359, 81, -63
[06:28:08] [Server thread/INFO]: Changed the block at 2359, 81, -56
[06:28:08] [Server thread/INFO]: Changed the block at 2359, 81, -55
[06:28:08] [Server thread/INFO]: Changed the block at 2359, 81, -54
[06:28:08] [Server thread/INFO]: Changed the block at 2359, 81, -53
[06:28:08] [Server thread/INFO]: Changed the block at 2359, 82, -55
[06:28:08] [Server thread/INFO]: Changed the block at 2360, 81, -65
[06:28:08] [Server thread/INFO]: Changed the block at 2360, 81, -64
[06:28:08] [Server thread/INFO]: Changed the block at 2360, 81, -63
[06:28:08] [Server thread/INFO]: Changed the block at 2360, 81, -62
[06:28:08] [Server thread/INFO]: Changed the block at 2360, 81, -57
[06:28:08] [Server thread/INFO]: Changed the block at 2360, 81, -54
[06:28:08] [Server thread/INFO]: Changed the block at 2360, 81, 15
[06:28:08] [Server thread/INFO]: Changed the block at 2360, 82, -56
[06:28:08] [Server thread/INFO]: Changed the block at 2360, 82, -55
[06:28:08] [Server thread/INFO]: Changed the block at 2360, 82, 15
[06:28:08] [Server thread/INFO]: Changed the block at 2360, 83, -55
[06:28:08] [Server thread/INFO]: Changed the block at 2361, 81, -64
[06:28:08] [Server thread/INFO]: Changed the block at 2361, 81, -63
[06:28:08] [Server thread/INFO]: Changed the block at 2361, 81, -62
[06:28:08] [Server thread/INFO]: Changed the block at 2361, 81, -61
[06:28:08] [Server thread/INFO]: Changed the block at 2361, 81, -58
[06:28:08] [Server thread/INFO]: Changed the block at 2361, 81, -57
[06:28:08] [Server thread/INFO]: Changed the block at 2361, 82, -57
[06:28:08] [Server thread/INFO]: Changed the block at 2361, 82, -56
[06:28:08] [Server thread/INFO]: Changed the block at 2361, 82, -55
[06:28:08] [Server thread/INFO]: Changed the block at 2362, 81, -63
[06:28:08] [Server thread/INFO]: Changed the block at 2362, 81, -62
[06:28:08] [Server thread/INFO]: Changed the block at 2362, 81, -61
[06:28:08] [Server thread/INFO]: Changed the block at 2362, 81, -60
[06:28:08] [Server thread/INFO]: Changed the block at 2362, 81, -59
[06:28:08] [Server thread/INFO]: Changed the block at 2362, 81, -58
[06:28:08] [Server thread/INFO]: Changed the block at 2362, 82, -58
[06:28:08] [Server thread/INFO]: Changed the block at 2362, 82, -57
[06:28:08] [Server thread/INFO]: Changed the block at 2362, 82, -56
[06:28:08] [Server thread/INFO]: Changed the block at 2362, 83, -57
[06:28:08] [Server thread/INFO]: Changed the block at 2363, 81, -62
[06:28:08] [Server thread/INFO]: Changed the block at 2363, 81, -61
[06:28:08] [Server thread/INFO]: Changed the block at 2363, 81, -60
[06:28:08] [Server thread/INFO]: Changed the block at 2363, 81, -59
[06:28:08] [Server thread/INFO]: Changed the block at 2363, 81, -58
[06:28:08] [Server thread/INFO]: Changed the block at 2363, 82, -58
[06:28:08] [Server thread/INFO]: Changed the block at 2363, 82, -57
[06:28:08] [Server thread/INFO]: Changed the block at 2364, 81, -61
[06:28:08] [Server thread/INFO]: Changed the block at 2364, 81, -60
[06:28:08] [Server thread/INFO]: Changed the block at 2364, 81, -59
[06:28:08] [Server thread/INFO]: Changed the block at 2364, 82, -60
[06:28:08] [Server thread/INFO]: Changed the block at 2364, 82, -58
[06:28:08] [Server thread/INFO]: Changed the block at 2365, 81, -59
[06:28:08] [Server thread/INFO]: Changed the block at 2372, 80, 15
[06:28:08] [Server thread/INFO]: Changed the block at 2372, 81, 15
[06:28:08] [Server thread/INFO]: Changed the block at 2372, 82, -56
[06:28:08] [Server thread/INFO]: Changed the block at 2372, 83, -56
[06:28:08] [Server thread/INFO]: Changed the block at 2383, 78, -44
[06:28:08] [Server thread/INFO]: Changed the block at 2383, 79, -44
[06:28:08] [Server thread/INFO]: Changed the block at 2383, 79, -32
[06:28:08] [Server thread/INFO]: Changed the block at 2383, 79, -8
[06:28:08] [Server thread/INFO]: Changed the block at 2383, 80, -56
[06:28:08] [Server thread/INFO]: Changed the block at 2383, 80, -32
[06:28:08] [Server thread/INFO]: Changed the block at 2383, 80, -20
[06:28:08] [Server thread/INFO]: Changed the block at 2383, 80, -8
[06:28:08] [Server thread/INFO]: Changed the block at 2383, 80, 4
[06:28:08] [Server thread/INFO]: Changed the block at 2383, 81, -56
[06:28:08] [Server thread/INFO]: Changed the block at 2383, 81, -20
[06:28:08] [Server thread/INFO]: Changed the block at 2383, 81, 4
[06:28:08] [Server thread/INFO]: [Not Secure] [Server] TASK_B_BLOCKS_APPLIED
[06:28:08] [Server thread/INFO]: Set the world spawn point to 1812, 67, -244 [0.0, 0.0] in minecraft:overworld
[06:28:08] [Server thread/INFO]: Unmarked all force loaded chunks in minecraft:overworld
[06:28:08] [Server thread/INFO]: Saving the game (this may take a moment!)
[06:28:08] [Server thread/INFO]: ThreadedAnvilChunkStorage (world): All chunks are saved
[06:28:08] [Server thread/INFO]: ThreadedAnvilChunkStorage (DIM1): All chunks are saved
[06:28:08] [Server thread/INFO]: ThreadedAnvilChunkStorage (DIM-1): All chunks are saved
[06:28:08] [Server thread/INFO]: ThreadedAnvilChunkStorage: All dimensions are saved
[06:28:08] [Server thread/INFO]: Saved the game
[06:28:08] [Server thread/INFO]: Stopping the server
[06:28:08] [Server thread/INFO]: Stopping server
[06:28:08] [Server thread/INFO]: Saving players
[06:28:08] [Server thread/INFO]: Saving worlds
[06:28:08] [Server thread/INFO]: Saving chunks for level 'ServerLevel[Task B 1.21.11 — 930010639]'/minecraft:overworld
[06:28:08] [Server thread/INFO]: Saving chunks for level 'ServerLevel[Task B 1.21.11 — 930010639]'/minecraft:the_end
[06:28:08] [Server thread/INFO]: Saving chunks for level 'ServerLevel[Task B 1.21.11 — 930010639]'/minecraft:the_nether
[06:28:08] [Server thread/INFO]: ThreadedAnvilChunkStorage (world): All chunks are saved
[06:28:08] [Server thread/INFO]: ThreadedAnvilChunkStorage (DIM1): All chunks are saved
[06:28:08] [Server thread/INFO]: ThreadedAnvilChunkStorage (DIM-1): All chunks are saved
[06:28:08] [Server thread/INFO]: ThreadedAnvilChunkStorage: All dimensions are saved
